sha256,filepath,label
b62432eefc04aee2750a764505caa2b982c75dc4e5641ef1efcd98059b9308b7,C:\Users\76462\Desktop\9444 proj\dataset\Fruits_Vegetables_Dataset(12000)\Fruits\FreshApple\freshApple (1).png,freshapple
b62432eefc04aee2750a764505caa2b982c75dc4e5641ef1efcd98059b9308b7,C:\Users\76462\Desktop\9444 proj\dataset\Fruits_Vegetables_Dataset(12000)\Fruits\FreshApple\freshApple (542).png,freshapple
bdee8f509799df90bc8fc1aead794e24f4ab998fc73bd82b8e46618a4f11e284,C:\Users\76462\Desktop\9444 proj\dataset\Fruits_Vegetables_Dataset(12000)\Fruits\FreshApple\freshApple (427).png,freshapple
bdee8f509799df90bc8fc1aead794e24f4ab998fc73bd82b8e46618a4f11e284,C:\Users\76462\Desktop\9444 proj\dataset\Fruits_Vegetables_Dataset(12000)\Fruits\FreshApple\freshApple (456).png,freshapple
663eb3a385c9610efff6e03401e5120074e06301aed44890ea8e8c50a058eba8,C:\Users\76462\Desktop\9444 proj\dataset\Fruits_Vegetables_Dataset(12000)\Fruits\FreshApple\freshApple (463).png,freshapple
663eb3a385c9610efff6e03401e5120074e06301aed44890ea8e8c50a058eba8,C:\Users\76462\Desktop\9444 proj\dataset\Fruits_Vegetables_Dataset(12000)\Fruits\FreshApple\freshApple (471).png,freshapple
6eecadb074082e8a3b2563bb47c53e8c9d97b02231aecee8a296f0f2f9c81749,C:\Users\76462\Desktop\9444 proj\dataset\Fruits_Vegetables_Dataset(12000)\Fruits\FreshApple\freshApple (492).png,freshapple
6eecadb074082e8a3b2563bb47c53e8c9d97b02231aecee8a296f0f2f9c81749,C:\Users\76462\Desktop\9444 proj\dataset\Fruits_Vegetables_Dataset(12000)\Fruits\FreshApple\freshApple (525).png,freshapple
1df8a6a65b58c61fdc883bf67e9d20ae504fe698cc26d967e0f2f192b2b67ce9,C:\Users\76462\Desktop\9444 proj\dataset\Fruits_Vegetables_Dataset(12000)\Fruits\FreshApple\freshApple (493).png,freshapple
1df8a6a65b58c61fdc883bf67e9d20ae504fe698cc26d967e0f2f192b2b67ce9,C:\Users\76462\Desktop\9444 proj\dataset\Fruits_Vegetables_Dataset(12000)\Fruits\FreshApple\freshApple (526).png,freshapple
37ee2277b66ffc0fd4230d981ea39eeda92581c7818a934abf22921ae2618dd0,C:\Users\76462\Desktop\9444 proj\dataset\Fruits_Vegetables_Dataset(12000)\Fruits\FreshApple\freshApple (497).png,freshapple
37ee2277b66ffc0fd4230d981ea39eeda92581c7818a934abf22921ae2618dd0,C:\Users\76462\Desktop\9444 proj\dataset\Fruits_Vegetables_Dataset(12000)\Fruits\FreshApple\freshApple (537).png,freshapple
b745d9e9f6d4dd2396c5cd88615fb0f2e07c77948ebbbb068b4bbd6aa6cedac0,C:\Users\76462\Desktop\9444 proj\dataset\Fruits_Vegetables_Dataset(12000)\Fruits\FreshBanana\freshBanana (1).webp,freshbanana
b745d9e9f6d4dd2396c5cd88615fb0f2e07c77948ebbbb068b4bbd6aa6cedac0,C:\Users\76462\Desktop\9444 proj\dataset\Fruits_Vegetables_Dataset(12000)\Fruits\FreshBanana\freshBanana (422).jpg,freshbanana
98cde265a2e828b3e6dd40caa2bd12f111ac89d1aaef24eef9aad5c1d486b68d,C:\Users\76462\Desktop\9444 proj\dataset\Fruits_Vegetables_Dataset(12000)\Fruits\RottenApple\rottenApple (22).jpg,rottenapple
98cde265a2e828b3e6dd40caa2bd12f111ac89d1aaef24eef9aad5c1d486b68d,C:\Users\76462\Desktop\9444 proj\dataset\Fruits_Vegetables_Dataset(12000)\Fruits\RottenApple\rottenApple (555).jpg,rottenapple
3266aeb9e79234291769c25b04a001a6a1d5b3c3c55e4edc2956bb249e91cf5b,C:\Users\76462\Desktop\9444 proj\dataset\Fruits_Vegetables_Dataset(12000)\Fruits\RottenApple\rottenApple (471).jpg,rottenapple
3266aeb9e79234291769c25b04a001a6a1d5b3c3c55e4edc2956bb249e91cf5b,C:\Users\76462\Desktop\9444 proj\dataset\Fruits_Vegetables_Dataset(12000)\Fruits\RottenApple\rottenApple (7).jpg,rottenapple
155a89e702380a8f4a97f01aed4b61946c592e28d0c495e031e438bbd001e50d,C:\Users\76462\Desktop\9444 proj\dataset\Fruits_Vegetables_Dataset(12000)\Vegetables\FreshBellpepper\freshPepper (129).jpg,freshbellpepper
155a89e702380a8f4a97f01aed4b61946c592e28d0c495e031e438bbd001e50d,C:\Users\76462\Desktop\9444 proj\dataset\Fruits_Vegetables_Dataset(12000)\Vegetables\FreshBellpepper\freshPepper (135).jpg,freshbellpepper
513aa182e671672dd153f0158f05462a1bce0127eabe713d431988eee3aaf8aa,C:\Users\76462\Desktop\9444 proj\dataset\Fruits_Vegetables_Dataset(12000)\Vegetables\FreshBellpepper\freshPepper (13).jpg,freshbellpepper
513aa182e671672dd153f0158f05462a1bce0127eabe713d431988eee3aaf8aa,C:\Users\76462\Desktop\9444 proj\dataset\Fruits_Vegetables_Dataset(12000)\Vegetables\FreshBellpepper\freshPepper (26).jpg,freshbellpepper
e76b5b81314f0eaa76051509b5349cc4448dd2cd8fd5f95875082fc79d59719b,C:\Users\76462\Desktop\9444 proj\dataset\Fruits_Vegetables_Dataset(12000)\Vegetables\FreshBellpepper\freshPepper (141).jpg,freshbellpepper
e76b5b81314f0eaa76051509b5349cc4448dd2cd8fd5f95875082fc79d59719b,C:\Users\76462\Desktop\9444 proj\dataset\Fruits_Vegetables_Dataset(12000)\Vegetables\FreshBellpepper\freshPepper (85).jpg,freshbellpepper
528c15b0b2dcccc470384a9b282121f23f4b0417f09138fcf71c06efc1cf04f0,C:\Users\76462\Desktop\9444 proj\dataset\Fruits_Vegetables_Dataset(12000)\Vegetables\FreshBellpepper\freshPepper (142).jpg,freshbellpepper
528c15b0b2dcccc470384a9b282121f23f4b0417f09138fcf71c06efc1cf04f0,C:\Users\76462\Desktop\9444 proj\dataset\Fruits_Vegetables_Dataset(12000)\Vegetables\FreshBellpepper\freshPepper (86).jpg,freshbellpepper
9b2f8b0aa3918a188465751a77ed6a54d1330393f2b33ca5c1bbb3470afa4881,C:\Users\76462\Desktop\9444 proj\dataset\Fruits_Vegetables_Dataset(12000)\Vegetables\FreshBellpepper\freshPepper (18).jpg,freshbellpepper
9b2f8b0aa3918a188465751a77ed6a54d1330393f2b33ca5c1bbb3470afa4881,C:\Users\76462\Desktop\9444 proj\dataset\Fruits_Vegetables_Dataset(12000)\Vegetables\FreshBellpepper\freshPepper (19).jpg,freshbellpepper
33cb8238797ae18c1114165ffe069d14cd271a3c70bba9e152ee3787d84251a7,C:\Users\76462\Desktop\9444 proj\dataset\Fruits_Vegetables_Dataset(12000)\Vegetables\FreshBellpepper\freshPepper (288).jpg,freshbellpepper
33cb8238797ae18c1114165ffe069d14cd271a3c70bba9e152ee3787d84251a7,C:\Users\76462\Desktop\9444 proj\dataset\Fruits_Vegetables_Dataset(12000)\Vegetables\FreshBellpepper\freshPepper (467).jpg,freshbellpepper
624019f34f47cb42fc207eaff177516f20567b5c2a6b1e6e52a4ac5c131fdcd6,C:\Users\76462\Desktop\9444 proj\dataset\Fruits_Vegetables_Dataset(12000)\Vegetables\FreshBellpepper\freshPepper (39).jpg,freshbellpepper
624019f34f47cb42fc207eaff177516f20567b5c2a6b1e6e52a4ac5c131fdcd6,C:\Users\76462\Desktop\9444 proj\dataset\Fruits_Vegetables_Dataset(12000)\Vegetables\FreshBellpepper\freshPepper (40).jpg,freshbellpepper
84c9debf2fbf9f73f32b7d4d979cc80272fdda2e1a22e0293a52fd28d2d3afff,C:\Users\76462\Desktop\9444 proj\dataset\Fruits_Vegetables_Dataset(12000)\Vegetables\FreshBellpepper\freshPepper (45).jpg,freshbellpepper
84c9debf2fbf9f73f32b7d4d979cc80272fdda2e1a22e0293a52fd28d2d3afff,C:\Users\76462\Desktop\9444 proj\dataset\Fruits_Vegetables_Dataset(12000)\Vegetables\FreshBellpepper\freshPepper (46).jpg,freshbellpepper
14344d4eba5228fc3e401428d475e3b98efa4b5fbd11357e726be65c3db188bf,C:\Users\76462\Desktop\9444 proj\dataset\Fruits_Vegetables_Dataset(12000)\Vegetables\FreshBellpepper\freshPepper (56).jpg,freshbellpepper
14344d4eba5228fc3e401428d475e3b98efa4b5fbd11357e726be65c3db188bf,C:\Users\76462\Desktop\9444 proj\dataset\Fruits_Vegetables_Dataset(12000)\Vegetables\FreshBellpepper\freshPepper (78).jpg,freshbellpepper
60433076b543782ebeef160077d311c789e411dff1b386229b30f7166d9949b5,C:\Users\76462\Desktop\9444 proj\dataset\Fruits_Vegetables_Dataset(12000)\Vegetables\FreshBellpepper\freshPepper (606).jpeg,freshbellpepper
60433076b543782ebeef160077d311c789e411dff1b386229b30f7166d9949b5,C:\Users\76462\Desktop\9444 proj\dataset\Fruits_Vegetables_Dataset(12000)\Vegetables\FreshBellpepper\freshPepper (89).jpg,freshbellpepper
69082132e0c616732b6cb58ea6857161a24f986ef5f182e23d924d27ce21e1cc,C:\Users\76462\Desktop\9444 proj\dataset\Fruits_Vegetables_Dataset(12000)\Vegetables\FreshBellpepper\freshPepper (70).jpg,freshbellpepper
69082132e0c616732b6cb58ea6857161a24f986ef5f182e23d924d27ce21e1cc,C:\Users\76462\Desktop\9444 proj\dataset\Fruits_Vegetables_Dataset(12000)\Vegetables\FreshBellpepper\freshPepper (71).jpg,freshbellpepper
875d905c0e5f97cb0f1a10cadb786cd6259b274fcda0ee41153b4458ab14dfcb,C:\Users\76462\Desktop\9444 proj\dataset\Fruits_Vegetables_Dataset(12000)\Vegetables\FreshCarrot\freshCarrot (1).jpeg,freshcarrot
875d905c0e5f97cb0f1a10cadb786cd6259b274fcda0ee41153b4458ab14dfcb,C:\Users\76462\Desktop\9444 proj\dataset\Fruits_Vegetables_Dataset(12000)\Vegetables\FreshCarrot\freshCarrot (12).jpeg,freshcarrot
e68e104e8d49fa0ace4fd8946ac94b3605dc140bc165fbbc248bb97583686d7c,C:\Users\76462\Desktop\9444 proj\dataset\Fruits_Vegetables_Dataset(12000)\Vegetables\FreshCarrot\freshCarrot (358).jpg,freshcarrot
e68e104e8d49fa0ace4fd8946ac94b3605dc140bc165fbbc248bb97583686d7c,C:\Users\76462\Desktop\9444 proj\dataset\Fruits_Vegetables_Dataset(12000)\Vegetables\FreshCarrot\freshCarrot (390).jpg,freshcarrot
e17eaf4fb2c5c1d2aa93420de9b31ca4926e812e88b6b7e175f193b0b5abe3a9,C:\Users\76462\Desktop\9444 proj\dataset\Fruits_Vegetables_Dataset(12000)\Vegetables\FreshCarrot\freshCarrot (367).jpg,freshcarrot
e17eaf4fb2c5c1d2aa93420de9b31ca4926e812e88b6b7e175f193b0b5abe3a9,C:\Users\76462\Desktop\9444 proj\dataset\Fruits_Vegetables_Dataset(12000)\Vegetables\FreshCarrot\freshCarrot (391).jpg,freshcarrot
eba5dfdebec4af7f386e6ce2b297dd39d5418a9797300ac14d4e2426fe6cd0e8,C:\Users\76462\Desktop\9444 proj\dataset\Fruits_Vegetables_Dataset(12000)\Vegetables\FreshCarrot\freshCarrot (441).jpg,freshcarrot
eba5dfdebec4af7f386e6ce2b297dd39d5418a9797300ac14d4e2426fe6cd0e8,C:\Users\76462\Desktop\9444 proj\dataset\Fruits_Vegetables_Dataset(12000)\Vegetables\FreshCarrot\freshCarrot (449).jpg,freshcarrot
eba5dfdebec4af7f386e6ce2b297dd39d5418a9797300ac14d4e2426fe6cd0e8,C:\Users\76462\Desktop\9444 proj\dataset\Fruits_Vegetables_Dataset(12000)\Vegetables\FreshCarrot\freshCarrot (511).jpg,freshcarrot
6de57839201fa6669a21c1203a646d0a2d25f4094a027aa879e40a0591d1b852,C:\Users\76462\Desktop\9444 proj\dataset\Fruits_Vegetables_Dataset(12000)\Vegetables\FreshCarrot\freshCarrot (443).jpg,freshcarrot
6de57839201fa6669a21c1203a646d0a2d25f4094a027aa879e40a0591d1b852,C:\Users\76462\Desktop\9444 proj\dataset\Fruits_Vegetables_Dataset(12000)\Vegetables\FreshCarrot\freshCarrot (512).jpg,freshcarrot
046ef5402d141fd81f8f7dec84dd567cf74c00aaa43969c416a24624aa31eb75,C:\Users\76462\Desktop\9444 proj\dataset\Fruits_Vegetables_Dataset(12000)\Vegetables\FreshCarrot\freshCarrot (444).jpg,freshcarrot
046ef5402d141fd81f8f7dec84dd567cf74c00aaa43969c416a24624aa31eb75,C:\Users\76462\Desktop\9444 proj\dataset\Fruits_Vegetables_Dataset(12000)\Vegetables\FreshCarrot\freshCarrot (514).jpg,freshcarrot
6e5de44afaf3ef6fbfa1e15162d54a9b2f9a7fc1fadb0cfbcc97265a3fd2b166,C:\Users\76462\Desktop\9444 proj\dataset\Fruits_Vegetables_Dataset(12000)\Vegetables\FreshCarrot\freshCarrot (445).jpg,freshcarrot
6e5de44afaf3ef6fbfa1e15162d54a9b2f9a7fc1fadb0cfbcc97265a3fd2b166,C:\Users\76462\Desktop\9444 proj\dataset\Fruits_Vegetables_Dataset(12000)\Vegetables\FreshCarrot\freshCarrot (513).jpg,freshcarrot
e90708d43f389abbafe591963982ff305e3bf7bedb2b38337150f4b36f3234ec,C:\Users\76462\Desktop\9444 proj\dataset\Fruits_Vegetables_Dataset(12000)\Vegetables\FreshCarrot\freshCarrot (447).jpg,freshcarrot
e90708d43f389abbafe591963982ff305e3bf7bedb2b38337150f4b36f3234ec,C:\Users\76462\Desktop\9444 proj\dataset\Fruits_Vegetables_Dataset(12000)\Vegetables\FreshCarrot\freshCarrot (448).jpg,freshcarrot
503d881f7cf8488e6681a51ea340ce70c0db15004ec023ebf6ba9846c0effc7a,C:\Users\76462\Desktop\9444 proj\dataset\Fruits_Vegetables_Dataset(12000)\Vegetables\FreshCarrot\freshCarrot (534).jpg,freshcarrot
503d881f7cf8488e6681a51ea340ce70c0db15004ec023ebf6ba9846c0effc7a,C:\Users\76462\Desktop\9444 proj\dataset\Fruits_Vegetables_Dataset(12000)\Vegetables\RottenCarrot\rottenCarrot (31).jpg,rottencarrot
503d881f7cf8488e6681a51ea340ce70c0db15004ec023ebf6ba9846c0effc7a,C:\Users\76462\Desktop\9444 proj\dataset\Fruits_Vegetables_Dataset(12000)\Vegetables\RottenCarrot\rottenCarrot (549).jpg,rottencarrot
9d5754372d08d38115fcf99fe1ef0ff945e6c02c0db86cc6cb10221fbbe92d6d,C:\Users\76462\Desktop\9444 proj\dataset\Fruits_Vegetables_Dataset(12000)\Vegetables\FreshCarrot\freshCarrot (536).jpg,freshcarrot
9d5754372d08d38115fcf99fe1ef0ff945e6c02c0db86cc6cb10221fbbe92d6d,C:\Users\76462\Desktop\9444 proj\dataset\Fruits_Vegetables_Dataset(12000)\Vegetables\RottenCarrot\rottenCarrot (527).jpg,rottencarrot
422a636102717d3674e30efcfe488958863442bc4f213bab945818d50801da15,C:\Users\76462\Desktop\9444 proj\dataset\Fruits_Vegetables_Dataset(12000)\Vegetables\FreshCarrot\freshCarrot (544).jpg,freshcarrot
422a636102717d3674e30efcfe488958863442bc4f213bab945818d50801da15,C:\Users\76462\Desktop\9444 proj\dataset\Fruits_Vegetables_Dataset(12000)\Vegetables\FreshCarrot\freshCarrot (549).jpg,freshcarrot
0b795d8c03cc768c9558587f8f7c789e73b96cf9c9cc2e7312a0cd15b36e28bc,C:\Users\76462\Desktop\9444 proj\dataset\Fruits_Vegetables_Dataset(12000)\Vegetables\FreshCucumber\freshCucumber (209).jpg,freshcucumber
0b795d8c03cc768c9558587f8f7c789e73b96cf9c9cc2e7312a0cd15b36e28bc,C:\Users\76462\Desktop\9444 proj\dataset\Fruits_Vegetables_Dataset(12000)\Vegetables\FreshCucumber\freshCucumber (281).jpg,freshcucumber
e7fc41483574227155767d4eb8b5339ee096ed64ad894f5b56c7ac2473233316,C:\Users\76462\Desktop\9444 proj\dataset\Fruits_Vegetables_Dataset(12000)\Vegetables\FreshCucumber\freshCucumber (210).jpg,freshcucumber
e7fc41483574227155767d4eb8b5339ee096ed64ad894f5b56c7ac2473233316,C:\Users\76462\Desktop\9444 proj\dataset\Fruits_Vegetables_Dataset(12000)\Vegetables\FreshCucumber\freshCucumber (282).jpg,freshcucumber
b879fdd22125bb54bd11cabee8cdf8d423d107b1fa2aa7423249a7b7f31b6546,C:\Users\76462\Desktop\9444 proj\dataset\Fruits_Vegetables_Dataset(12000)\Vegetables\FreshCucumber\freshCucumber (211).jpg,freshcucumber
b879fdd22125bb54bd11cabee8cdf8d423d107b1fa2aa7423249a7b7f31b6546,C:\Users\76462\Desktop\9444 proj\dataset\Fruits_Vegetables_Dataset(12000)\Vegetables\FreshCucumber\freshCucumber (283).jpg,freshcucumber
8aaeddd90a653c7faa00fa920bd8acfb6b3b99294a499a75836e5c5b0d641394,C:\Users\76462\Desktop\9444 proj\dataset\Fruits_Vegetables_Dataset(12000)\Vegetables\FreshCucumber\freshCucumber (212).jpg,freshcucumber
8aaeddd90a653c7faa00fa920bd8acfb6b3b99294a499a75836e5c5b0d641394,C:\Users\76462\Desktop\9444 proj\dataset\Fruits_Vegetables_Dataset(12000)\Vegetables\FreshCucumber\freshCucumber (284).jpg,freshcucumber
6bd63395781e113292ce40e6812170d8335c3ab6e8302254be5f6185a6491ee1,C:\Users\76462\Desktop\9444 proj\dataset\Fruits_Vegetables_Dataset(12000)\Vegetables\FreshCucumber\freshCucumber (213).jpg,freshcucumber
6bd63395781e113292ce40e6812170d8335c3ab6e8302254be5f6185a6491ee1,C:\Users\76462\Desktop\9444 proj\dataset\Fruits_Vegetables_Dataset(12000)\Vegetables\FreshCucumber\freshCucumber (285).jpg,freshcucumber
66b85df5023f56d0d325bcc9c99a1aace2a36f173eb609f58551c765446cf577,C:\Users\76462\Desktop\9444 proj\dataset\Fruits_Vegetables_Dataset(12000)\Vegetables\FreshCucumber\freshCucumber (214).jpg,freshcucumber
66b85df5023f56d0d325bcc9c99a1aace2a36f173eb609f58551c765446cf577,C:\Users\76462\Desktop\9444 proj\dataset\Fruits_Vegetables_Dataset(12000)\Vegetables\FreshCucumber\freshCucumber (286).jpg,freshcucumber
f5623c41e60df49905598e0152a0b5998e76561d6d39e1c4709466b031b20f70,C:\Users\76462\Desktop\9444 proj\dataset\Fruits_Vegetables_Dataset(12000)\Vegetables\FreshCucumber\freshCucumber (215).jpg,freshcucumber
f5623c41e60df49905598e0152a0b5998e76561d6d39e1c4709466b031b20f70,C:\Users\76462\Desktop\9444 proj\dataset\Fruits_Vegetables_Dataset(12000)\Vegetables\FreshCucumber\freshCucumber (287).jpg,freshcucumber
98944fd457d2d1f902beeb584fb70874756ef69e1e9365cd98332c3c2b479d17,C:\Users\76462\Desktop\9444 proj\dataset\Fruits_Vegetables_Dataset(12000)\Vegetables\FreshCucumber\freshCucumber (216).jpg,freshcucumber
98944fd457d2d1f902beeb584fb70874756ef69e1e9365cd98332c3c2b479d17,C:\Users\76462\Desktop\9444 proj\dataset\Fruits_Vegetables_Dataset(12000)\Vegetables\FreshCucumber\freshCucumber (288).jpg,freshcucumber
8fc092502dc1d21b1271734c3de191ce7a451a2588a21dc9e407c0abdd96f612,C:\Users\76462\Desktop\9444 proj\dataset\Fruits_Vegetables_Dataset(12000)\Vegetables\FreshCucumber\freshCucumber (290).jpg,freshcucumber
8fc092502dc1d21b1271734c3de191ce7a451a2588a21dc9e407c0abdd96f612,C:\Users\76462\Desktop\9444 proj\dataset\Fruits_Vegetables_Dataset(12000)\Vegetables\FreshCucumber\freshCucumber (291).jpg,freshcucumber
c152a78f35d4cd59bf30f354a3c7facdedf48fae6cb6fc30e89bc9c459fcca1a,C:\Users\76462\Desktop\9444 proj\dataset\Fruits_Vegetables_Dataset(12000)\Vegetables\FreshCucumber\freshCucumber (455).jpg,freshcucumber
c152a78f35d4cd59bf30f354a3c7facdedf48fae6cb6fc30e89bc9c459fcca1a,C:\Users\76462\Desktop\9444 proj\dataset\Fruits_Vegetables_Dataset(12000)\Vegetables\FreshCucumber\freshCucumber (483).jpg,freshcucumber
c0ca9b58134e5d639868fb041be3f016684e9905365d47b2a5dc8438b02b5932,C:\Users\76462\Desktop\9444 proj\dataset\Fruits_Vegetables_Dataset(12000)\Vegetables\FreshCucumber\freshCucumber (456).jpg,freshcucumber
c0ca9b58134e5d639868fb041be3f016684e9905365d47b2a5dc8438b02b5932,C:\Users\76462\Desktop\9444 proj\dataset\Fruits_Vegetables_Dataset(12000)\Vegetables\FreshCucumber\freshCucumber (478).jpg,freshcucumber
88754b6c5a5250eb65834454d984b9fe8a590d8564c3b2f01c42e9e9c8962aac,C:\Users\76462\Desktop\9444 proj\dataset\Fruits_Vegetables_Dataset(12000)\Vegetables\FreshCucumber\freshCucumber (457).jpg,freshcucumber
88754b6c5a5250eb65834454d984b9fe8a590d8564c3b2f01c42e9e9c8962aac,C:\Users\76462\Desktop\9444 proj\dataset\Fruits_Vegetables_Dataset(12000)\Vegetables\FreshCucumber\freshCucumber (489).jpg,freshcucumber
f1a3413f332ceb21b934ab7f20c41e53e793fd5e3018ec95e9beb38340380e17,C:\Users\76462\Desktop\9444 proj\dataset\Fruits_Vegetables_Dataset(12000)\Vegetables\FreshCucumber\freshCucumber (458).jpg,freshcucumber
f1a3413f332ceb21b934ab7f20c41e53e793fd5e3018ec95e9beb38340380e17,C:\Users\76462\Desktop\9444 proj\dataset\Fruits_Vegetables_Dataset(12000)\Vegetables\FreshCucumber\freshCucumber (517).jpg,freshcucumber
e096408f8b98a96b831abc7cb04cec429a27fd7f075092e8b1e14dffe84fd4bd,C:\Users\76462\Desktop\9444 proj\dataset\Fruits_Vegetables_Dataset(12000)\Vegetables\FreshCucumber\freshCucumber (459).jpg,freshcucumber
e096408f8b98a96b831abc7cb04cec429a27fd7f075092e8b1e14dffe84fd4bd,C:\Users\76462\Desktop\9444 proj\dataset\Fruits_Vegetables_Dataset(12000)\Vegetables\FreshCucumber\freshCucumber (506).jpg,freshcucumber
b959633a42d9b5583bf08ae327de1ab9595b30b2704c6b2e03c87ffe6490abdf,C:\Users\76462\Desktop\9444 proj\dataset\Fruits_Vegetables_Dataset(12000)\Vegetables\FreshCucumber\freshCucumber (460).jpg,freshcucumber
b959633a42d9b5583bf08ae327de1ab9595b30b2704c6b2e03c87ffe6490abdf,C:\Users\76462\Desktop\9444 proj\dataset\Fruits_Vegetables_Dataset(12000)\Vegetables\FreshCucumber\freshCucumber (523).jpg,freshcucumber
6d8d474c7a13afceac6c9ef967e1a3cf9488e9fec9f40cf754186713492b26a6,C:\Users\76462\Desktop\9444 proj\dataset\Fruits_Vegetables_Dataset(12000)\Vegetables\FreshCucumber\freshCucumber (461).jpg,freshcucumber
6d8d474c7a13afceac6c9ef967e1a3cf9488e9fec9f40cf754186713492b26a6,C:\Users\76462\Desktop\9444 proj\dataset\Fruits_Vegetables_Dataset(12000)\Vegetables\FreshCucumber\freshCucumber (494).jpg,freshcucumber
2a9b625b1af200f8c65838aeefa1b53cc86cde1f89d18a1e2443403f0c19b4eb,C:\Users\76462\Desktop\9444 proj\dataset\Fruits_Vegetables_Dataset(12000)\Vegetables\FreshCucumber\freshCucumber (467).jpg,freshcucumber
2a9b625b1af200f8c65838aeefa1b53cc86cde1f89d18a1e2443403f0c19b4eb,C:\Users\76462\Desktop\9444 proj\dataset\Fruits_Vegetables_Dataset(12000)\Vegetables\FreshCucumber\freshCucumber (519).jpg,freshcucumber
f4b277367057eb6063fe2487fb4a7152484f9800d1935ff67e9e5a98a2b1934c,C:\Users\76462\Desktop\9444 proj\dataset\Fruits_Vegetables_Dataset(12000)\Vegetables\FreshPotato\freshPotato (11).jpg,freshpotato
f4b277367057eb6063fe2487fb4a7152484f9800d1935ff67e9e5a98a2b1934c,C:\Users\76462\Desktop\9444 proj\dataset\Fruits_Vegetables_Dataset(12000)\Vegetables\FreshPotato\freshPotato (566).jpg,freshpotato
10cbfc862b4a438d8a40f9b165c93cf65eafd85b72816470a552a7d6a5899df5,C:\Users\76462\Desktop\9444 proj\dataset\Fruits_Vegetables_Dataset(12000)\Vegetables\FreshPotato\freshPotato (12).jpg,freshpotato
10cbfc862b4a438d8a40f9b165c93cf65eafd85b72816470a552a7d6a5899df5,C:\Users\76462\Desktop\9444 proj\dataset\Fruits_Vegetables_Dataset(12000)\Vegetables\FreshPotato\freshPotato (567).jpg,freshpotato
d9c695dfedfc86a3d91ee06f0b96e283829b3127f526f84e645378822eb9ef7a,C:\Users\76462\Desktop\9444 proj\dataset\Fruits_Vegetables_Dataset(12000)\Vegetables\FreshPotato\freshPotato (13).jpg,freshpotato
d9c695dfedfc86a3d91ee06f0b96e283829b3127f526f84e645378822eb9ef7a,C:\Users\76462\Desktop\9444 proj\dataset\Fruits_Vegetables_Dataset(12000)\Vegetables\FreshPotato\freshPotato (568).jpg,freshpotato
4c22c9b98cbaf7048354ce3a5aed63e8b7f30474b6df745b778a4aebeca3f581,C:\Users\76462\Desktop\9444 proj\dataset\Fruits_Vegetables_Dataset(12000)\Vegetables\FreshPotato\freshPotato (14).JPG,freshpotato
4c22c9b98cbaf7048354ce3a5aed63e8b7f30474b6df745b778a4aebeca3f581,C:\Users\76462\Desktop\9444 proj\dataset\Fruits_Vegetables_Dataset(12000)\Vegetables\FreshPotato\freshPotato (569).JPG,freshpotato
a30041310351d13e977df5a7cac2175d09726ba5ed5b926e785eeadfc42e3809,C:\Users\76462\Desktop\9444 proj\dataset\Fruits_Vegetables_Dataset(12000)\Vegetables\FreshPotato\freshPotato (15).jpg,freshpotato
a30041310351d13e977df5a7cac2175d09726ba5ed5b926e785eeadfc42e3809,C:\Users\76462\Desktop\9444 proj\dataset\Fruits_Vegetables_Dataset(12000)\Vegetables\FreshPotato\freshPotato (570).jpg,freshpotato
54efeae51dca536bdfdb70e8e10df27cc5f4f8933e8ced386f73789c4c927c6e,C:\Users\76462\Desktop\9444 proj\dataset\Fruits_Vegetables_Dataset(12000)\Vegetables\FreshTomato\freshTomato (149).jpg,freshtomato
54efeae51dca536bdfdb70e8e10df27cc5f4f8933e8ced386f73789c4c927c6e,C:\Users\76462\Desktop\9444 proj\dataset\Fruits_Vegetables_Dataset(12000)\Vegetables\FreshTomato\freshTomato (67).jpg,freshtomato
ced874b8d87e6a33742b6d23ae12b9713294575af2d0895f43d3702b70ccd47e,C:\Users\76462\Desktop\9444 proj\dataset\Fruits_Vegetables_Dataset(12000)\Vegetables\FreshTomato\freshTomato (150).jpg,freshtomato
ced874b8d87e6a33742b6d23ae12b9713294575af2d0895f43d3702b70ccd47e,C:\Users\76462\Desktop\9444 proj\dataset\Fruits_Vegetables_Dataset(12000)\Vegetables\FreshTomato\freshTomato (68).jpg,freshtomato
97d0fd11bc0c9c05354f91e3513e0539cbd00e9030b4ea36d21d85e4d8ea4978,C:\Users\76462\Desktop\9444 proj\dataset\Fruits_Vegetables_Dataset(12000)\Vegetables\RottenBellpepper\rottenPepper (104).jpg,rottenbellpepper
97d0fd11bc0c9c05354f91e3513e0539cbd00e9030b4ea36d21d85e4d8ea4978,C:\Users\76462\Desktop\9444 proj\dataset\Fruits_Vegetables_Dataset(12000)\Vegetables\RottenBellpepper\rottenPepper (605).jpg,rottenbellpepper
16ad13568582e9a08a5443aed73dd3f97e88e3f08dfe6ce8130f74e0ca411766,C:\Users\76462\Desktop\9444 proj\dataset\Fruits_Vegetables_Dataset(12000)\Vegetables\RottenBellpepper\rottenPepper (106).jpg,rottenbellpepper
16ad13568582e9a08a5443aed73dd3f97e88e3f08dfe6ce8130f74e0ca411766,C:\Users\76462\Desktop\9444 proj\dataset\Fruits_Vegetables_Dataset(12000)\Vegetables\RottenBellpepper\rottenPepper (249).jpg,rottenbellpepper
7310e84827dcd767bc0af224c3e73b22628465983178bfc2ec0dfa72c5657943,C:\Users\76462\Desktop\9444 proj\dataset\Fruits_Vegetables_Dataset(12000)\Vegetables\RottenBellpepper\rottenPepper (113).jpg,rottenbellpepper
7310e84827dcd767bc0af224c3e73b22628465983178bfc2ec0dfa72c5657943,C:\Users\76462\Desktop\9444 proj\dataset\Fruits_Vegetables_Dataset(12000)\Vegetables\RottenBellpepper\rottenPepper (186).jpg,rottenbellpepper
c9456ffa2ed688752523462d0e979c6e2174e28c2694ea51aaba7b30ed55708f,C:\Users\76462\Desktop\9444 proj\dataset\Fruits_Vegetables_Dataset(12000)\Vegetables\RottenBellpepper\rottenPepper (114).jpg,rottenbellpepper
c9456ffa2ed688752523462d0e979c6e2174e28c2694ea51aaba7b30ed55708f,C:\Users\76462\Desktop\9444 proj\dataset\Fruits_Vegetables_Dataset(12000)\Vegetables\RottenBellpepper\rottenPepper (169).jpg,rottenbellpepper
8c3974dd09bfd78fb9a1679ac5d686b86920cd5a777b07a51e8b1c7b35a15199,C:\Users\76462\Desktop\9444 proj\dataset\Fruits_Vegetables_Dataset(12000)\Vegetables\RottenBellpepper\rottenPepper (127).jpg,rottenbellpepper
8c3974dd09bfd78fb9a1679ac5d686b86920cd5a777b07a51e8b1c7b35a15199,C:\Users\76462\Desktop\9444 proj\dataset\Fruits_Vegetables_Dataset(12000)\Vegetables\RottenBellpepper\rottenPepper (586).jpg,rottenbellpepper
0025a09531cdadbb4c11d2788b3acefe127066caadbcd1cad796cb17fd4d9c80,C:\Users\76462\Desktop\9444 proj\dataset\Fruits_Vegetables_Dataset(12000)\Vegetables\RottenBellpepper\rottenPepper (130).jpg,rottenbellpepper
0025a09531cdadbb4c11d2788b3acefe127066caadbcd1cad796cb17fd4d9c80,C:\Users\76462\Desktop\9444 proj\dataset\Fruits_Vegetables_Dataset(12000)\Vegetables\RottenBellpepper\rottenPepper (572).jpg,rottenbellpepper
e578ed547b4f12419cefb8bad3a5c9d79cea51ec92e9506c77683fa2d8e7cf38,C:\Users\76462\Desktop\9444 proj\dataset\Fruits_Vegetables_Dataset(12000)\Vegetables\RottenBellpepper\rottenPepper (136).jpg,rottenbellpepper
e578ed547b4f12419cefb8bad3a5c9d79cea51ec92e9506c77683fa2d8e7cf38,C:\Users\76462\Desktop\9444 proj\dataset\Fruits_Vegetables_Dataset(12000)\Vegetables\RottenBellpepper\rottenPepper (424).jpg,rottenbellpepper
4bf708f5c58690cadc03f61989eb18df416a85ca1597362ac25a446dfabbb960,C:\Users\76462\Desktop\9444 proj\dataset\Fruits_Vegetables_Dataset(12000)\Vegetables\RottenBellpepper\rottenPepper (154).jpg,rottenbellpepper
4bf708f5c58690cadc03f61989eb18df416a85ca1597362ac25a446dfabbb960,C:\Users\76462\Desktop\9444 proj\dataset\Fruits_Vegetables_Dataset(12000)\Vegetables\RottenBellpepper\rottenPepper (429).jpg,rottenbellpepper
acbfd1eae7e64e86fa98d948ab51d6d05892c7967c42c13c5d06f45e50660e90,C:\Users\76462\Desktop\9444 proj\dataset\Fruits_Vegetables_Dataset(12000)\Vegetables\RottenBellpepper\rottenPepper (159).jpg,rottenbellpepper
acbfd1eae7e64e86fa98d948ab51d6d05892c7967c42c13c5d06f45e50660e90,C:\Users\76462\Desktop\9444 proj\dataset\Fruits_Vegetables_Dataset(12000)\Vegetables\RottenBellpepper\rottenPepper (236).jpg,rottenbellpepper
acbfd1eae7e64e86fa98d948ab51d6d05892c7967c42c13c5d06f45e50660e90,C:\Users\76462\Desktop\9444 proj\dataset\Fruits_Vegetables_Dataset(12000)\Vegetables\RottenBellpepper\rottenPepper (643).jpg,rottenbellpepper
555bede28f6b1a091294a990eb5f97f64766edf42b9185c9a0a18e118d016cbd,C:\Users\76462\Desktop\9444 proj\dataset\Fruits_Vegetables_Dataset(12000)\Vegetables\RottenBellpepper\rottenPepper (160).jpg,rottenbellpepper
555bede28f6b1a091294a990eb5f97f64766edf42b9185c9a0a18e118d016cbd,C:\Users\76462\Desktop\9444 proj\dataset\Fruits_Vegetables_Dataset(12000)\Vegetables\RottenBellpepper\rottenPepper (274).jpg,rottenbellpepper
5560080bba9ebd5126742ca44365914d2d3a13575ed8f29c4d4337239e53767e,C:\Users\76462\Desktop\9444 proj\dataset\Fruits_Vegetables_Dataset(12000)\Vegetables\RottenBellpepper\rottenPepper (168).jpg,rottenbellpepper
5560080bba9ebd5126742ca44365914d2d3a13575ed8f29c4d4337239e53767e,C:\Users\76462\Desktop\9444 proj\dataset\Fruits_Vegetables_Dataset(12000)\Vegetables\RottenBellpepper\rottenPepper (252).jpg,rottenbellpepper
5365ce959b4d3f9e7852dafbb7c44a591222232b483178b5c22629ee1bbc6bc7,C:\Users\76462\Desktop\9444 proj\dataset\Fruits_Vegetables_Dataset(12000)\Vegetables\RottenBellpepper\rottenPepper (182).jpg,rottenbellpepper
5365ce959b4d3f9e7852dafbb7c44a591222232b483178b5c22629ee1bbc6bc7,C:\Users\76462\Desktop\9444 proj\dataset\Fruits_Vegetables_Dataset(12000)\Vegetables\RottenBellpepper\rottenPepper (201).jpg,rottenbellpepper
98f41b493172aca1e7c035732d9dfb93f1c54ccd9530ef2989a011615edf4956,C:\Users\76462\Desktop\9444 proj\dataset\Fruits_Vegetables_Dataset(12000)\Vegetables\RottenBellpepper\rottenPepper (184).jpg,rottenbellpepper
98f41b493172aca1e7c035732d9dfb93f1c54ccd9530ef2989a011615edf4956,C:\Users\76462\Desktop\9444 proj\dataset\Fruits_Vegetables_Dataset(12000)\Vegetables\RottenBellpepper\rottenPepper (248).jpg,rottenbellpepper
dedfa585a787d8157dd4f0d08aa0e70af7195b1891fe1634b005cbf688a8372b,C:\Users\76462\Desktop\9444 proj\dataset\Fruits_Vegetables_Dataset(12000)\Vegetables\RottenBellpepper\rottenPepper (197).jpg,rottenbellpepper
dedfa585a787d8157dd4f0d08aa0e70af7195b1891fe1634b005cbf688a8372b,C:\Users\76462\Desktop\9444 proj\dataset\Fruits_Vegetables_Dataset(12000)\Vegetables\RottenBellpepper\rottenPepper (228).jpg,rottenbellpepper
dedfa585a787d8157dd4f0d08aa0e70af7195b1891fe1634b005cbf688a8372b,C:\Users\76462\Desktop\9444 proj\dataset\Fruits_Vegetables_Dataset(12000)\Vegetables\RottenBellpepper\rottenPepper (324).jpg,rottenbellpepper
dedfa585a787d8157dd4f0d08aa0e70af7195b1891fe1634b005cbf688a8372b,C:\Users\76462\Desktop\9444 proj\dataset\Fruits_Vegetables_Dataset(12000)\Vegetables\RottenBellpepper\rottenPepper (411).jpg,rottenbellpepper
dedfa585a787d8157dd4f0d08aa0e70af7195b1891fe1634b005cbf688a8372b,C:\Users\76462\Desktop\9444 proj\dataset\Fruits_Vegetables_Dataset(12000)\Vegetables\RottenBellpepper\rottenPepper (550).jpg,rottenbellpepper
855b50da7a768e1d0a9104b0eebb89107cb9fd817c3bf054527d48e054cc414a,C:\Users\76462\Desktop\9444 proj\dataset\Fruits_Vegetables_Dataset(12000)\Vegetables\RottenBellpepper\rottenPepper (199).jpg,rottenbellpepper
855b50da7a768e1d0a9104b0eebb89107cb9fd817c3bf054527d48e054cc414a,C:\Users\76462\Desktop\9444 proj\dataset\Fruits_Vegetables_Dataset(12000)\Vegetables\RottenBellpepper\rottenPepper (86).jpg,rottenbellpepper
68638c155c94ff67ca848e385f612204873d103f70b44a55ea17a7f01df4caee,C:\Users\76462\Desktop\9444 proj\dataset\Fruits_Vegetables_Dataset(12000)\Vegetables\RottenBellpepper\rottenPepper (211).jpg,rottenbellpepper
68638c155c94ff67ca848e385f612204873d103f70b44a55ea17a7f01df4caee,C:\Users\76462\Desktop\9444 proj\dataset\Fruits_Vegetables_Dataset(12000)\Vegetables\RottenBellpepper\rottenPepper (447).jpg,rottenbellpepper
d5f77636ad5f9b97f3555a93db3d04bcd58951e9b196d0bff318481b7569a1f9,C:\Users\76462\Desktop\9444 proj\dataset\Fruits_Vegetables_Dataset(12000)\Vegetables\RottenBellpepper\rottenPepper (212).jpg,rottenbellpepper
d5f77636ad5f9b97f3555a93db3d04bcd58951e9b196d0bff318481b7569a1f9,C:\Users\76462\Desktop\9444 proj\dataset\Fruits_Vegetables_Dataset(12000)\Vegetables\RottenBellpepper\rottenPepper (307).jpg,rottenbellpepper
9f77d7641a76ed5dd88984b1fa4cd80e60f99b964a2d77705d88c46db415987e,C:\Users\76462\Desktop\9444 proj\dataset\Fruits_Vegetables_Dataset(12000)\Vegetables\RottenBellpepper\rottenPepper (213).jpg,rottenbellpepper
9f77d7641a76ed5dd88984b1fa4cd80e60f99b964a2d77705d88c46db415987e,C:\Users\76462\Desktop\9444 proj\dataset\Fruits_Vegetables_Dataset(12000)\Vegetables\RottenBellpepper\rottenPepper (417).jpg,rottenbellpepper
0b9aa59d9047821d99dfd38a0b63bf9d0734a813a64182cae4cc26377459e02e,C:\Users\76462\Desktop\9444 proj\dataset\Fruits_Vegetables_Dataset(12000)\Vegetables\RottenBellpepper\rottenPepper (216).jpg,rottenbellpepper
0b9aa59d9047821d99dfd38a0b63bf9d0734a813a64182cae4cc26377459e02e,C:\Users\76462\Desktop\9444 proj\dataset\Fruits_Vegetables_Dataset(12000)\Vegetables\RottenBellpepper\rottenPepper (355).jpg,rottenbellpepper
cfb53fd7c98cdd6e30663f7489e9ac37e4feaa51c2f9a4dc1399edcc2272241b,C:\Users\76462\Desktop\9444 proj\dataset\Fruits_Vegetables_Dataset(12000)\Vegetables\RottenBellpepper\rottenPepper (225).jpg,rottenbellpepper
cfb53fd7c98cdd6e30663f7489e9ac37e4feaa51c2f9a4dc1399edcc2272241b,C:\Users\76462\Desktop\9444 proj\dataset\Fruits_Vegetables_Dataset(12000)\Vegetables\RottenBellpepper\rottenPepper (416).jpg,rottenbellpepper
00ab22a71afd3341bbd2f68f0f233dff2fbb50eeabaa26f3aec8ccd831ca1926,C:\Users\76462\Desktop\9444 proj\dataset\Fruits_Vegetables_Dataset(12000)\Vegetables\RottenBellpepper\rottenPepper (229).jpg,rottenbellpepper
00ab22a71afd3341bbd2f68f0f233dff2fbb50eeabaa26f3aec8ccd831ca1926,C:\Users\76462\Desktop\9444 proj\dataset\Fruits_Vegetables_Dataset(12000)\Vegetables\RottenBellpepper\rottenPepper (445).jpg,rottenbellpepper
2808e17985dc282ab32d4245fab1858863fa5378746eadfda18a693a718d0948,C:\Users\76462\Desktop\9444 proj\dataset\Fruits_Vegetables_Dataset(12000)\Vegetables\RottenBellpepper\rottenPepper (232).jpg,rottenbellpepper
2808e17985dc282ab32d4245fab1858863fa5378746eadfda18a693a718d0948,C:\Users\76462\Desktop\9444 proj\dataset\Fruits_Vegetables_Dataset(12000)\Vegetables\RottenBellpepper\rottenPepper (640).jpg,rottenbellpepper
9f508eb2c272f6ebd0abb0aeb12bca4e9ab993fa0dd054f94923fe7257982865,C:\Users\76462\Desktop\9444 proj\dataset\Fruits_Vegetables_Dataset(12000)\Vegetables\RottenBellpepper\rottenPepper (239).jpg,rottenbellpepper
9f508eb2c272f6ebd0abb0aeb12bca4e9ab993fa0dd054f94923fe7257982865,C:\Users\76462\Desktop\9444 proj\dataset\Fruits_Vegetables_Dataset(12000)\Vegetables\RottenBellpepper\rottenPepper (617).jpg,rottenbellpepper
0eef35d8480aa4e8e1f7465d4bf48a34566f4bdba14af7bff7f2b52b0dda72de,C:\Users\76462\Desktop\9444 proj\dataset\Fruits_Vegetables_Dataset(12000)\Vegetables\RottenBellpepper\rottenPepper (241).jpg,rottenbellpepper
0eef35d8480aa4e8e1f7465d4bf48a34566f4bdba14af7bff7f2b52b0dda72de,C:\Users\76462\Desktop\9444 proj\dataset\Fruits_Vegetables_Dataset(12000)\Vegetables\RottenBellpepper\rottenPepper (419).jpg,rottenbellpepper
7453003bae2e30144542e9328fef70da405003952dfa58e843c7dc6a73243c79,C:\Users\76462\Desktop\9444 proj\dataset\Fruits_Vegetables_Dataset(12000)\Vegetables\RottenBellpepper\rottenPepper (258).jpg,rottenbellpepper
7453003bae2e30144542e9328fef70da405003952dfa58e843c7dc6a73243c79,C:\Users\76462\Desktop\9444 proj\dataset\Fruits_Vegetables_Dataset(12000)\Vegetables\RottenBellpepper\rottenPepper (642).jpg,rottenbellpepper
83352e1ef02ea8ca1f4c5b3a2eb0dd22e2551fa032a1c504f0bfc5057a7bcfa0,C:\Users\76462\Desktop\9444 proj\dataset\Fruits_Vegetables_Dataset(12000)\Vegetables\RottenBellpepper\rottenPepper (265).jpg,rottenbellpepper
83352e1ef02ea8ca1f4c5b3a2eb0dd22e2551fa032a1c504f0bfc5057a7bcfa0,C:\Users\76462\Desktop\9444 proj\dataset\Fruits_Vegetables_Dataset(12000)\Vegetables\RottenBellpepper\rottenPepper (542).jpg,rottenbellpepper
ff6936570b8f22678a4f79befcb098a84417f39c4ae3bdd97b6af327b458278b,C:\Users\76462\Desktop\9444 proj\dataset\Fruits_Vegetables_Dataset(12000)\Vegetables\RottenBellpepper\rottenPepper (270).jpg,rottenbellpepper
ff6936570b8f22678a4f79befcb098a84417f39c4ae3bdd97b6af327b458278b,C:\Users\76462\Desktop\9444 proj\dataset\Fruits_Vegetables_Dataset(12000)\Vegetables\RottenBellpepper\rottenPepper (588).jpg,rottenbellpepper
82881e61756460ccd06ed2a34c268a676d893cd285999b3181784de363b8b10f,C:\Users\76462\Desktop\9444 proj\dataset\Fruits_Vegetables_Dataset(12000)\Vegetables\RottenBellpepper\rottenPepper (277).jpg,rottenbellpepper
82881e61756460ccd06ed2a34c268a676d893cd285999b3181784de363b8b10f,C:\Users\76462\Desktop\9444 proj\dataset\Fruits_Vegetables_Dataset(12000)\Vegetables\RottenBellpepper\rottenPepper (547).jpg,rottenbellpepper
7e95460beba3b2fca2fe8c4558bbeac00c275664a03432bb699420efd3bd3b69,C:\Users\76462\Desktop\9444 proj\dataset\Fruits_Vegetables_Dataset(12000)\Vegetables\RottenBellpepper\rottenPepper (278).jpg,rottenbellpepper
7e95460beba3b2fca2fe8c4558bbeac00c275664a03432bb699420efd3bd3b69,C:\Users\76462\Desktop\9444 proj\dataset\Fruits_Vegetables_Dataset(12000)\Vegetables\RottenBellpepper\rottenPepper (666).jpg,rottenbellpepper
70913ff97b5f15b0336ee820cea37a41137cc773318ec9bc5fffcf738e72ee1b,C:\Users\76462\Desktop\9444 proj\dataset\Fruits_Vegetables_Dataset(12000)\Vegetables\RottenBellpepper\rottenPepper (321).jpg,rottenbellpepper
70913ff97b5f15b0336ee820cea37a41137cc773318ec9bc5fffcf738e72ee1b,C:\Users\76462\Desktop\9444 proj\dataset\Fruits_Vegetables_Dataset(12000)\Vegetables\RottenBellpepper\rottenPepper (566).jpg,rottenbellpepper
ae9c919edf5d8e928bda49aa32d188e127c7f90c64c3830a57b4135e4c256283,C:\Users\76462\Desktop\9444 proj\dataset\Fruits_Vegetables_Dataset(12000)\Vegetables\RottenBellpepper\rottenPepper (406).jpg,rottenbellpepper
ae9c919edf5d8e928bda49aa32d188e127c7f90c64c3830a57b4135e4c256283,C:\Users\76462\Desktop\9444 proj\dataset\Fruits_Vegetables_Dataset(12000)\Vegetables\RottenBellpepper\rottenPepper (567).jpg,rottenbellpepper
698c37e1aad66dc06414dc9c0cd7e803207bf4fd7b9868d845423fc0729b379c,C:\Users\76462\Desktop\9444 proj\dataset\Fruits_Vegetables_Dataset(12000)\Vegetables\RottenBellpepper\rottenPepper (421).jpg,rottenbellpepper
698c37e1aad66dc06414dc9c0cd7e803207bf4fd7b9868d845423fc0729b379c,C:\Users\76462\Desktop\9444 proj\dataset\Fruits_Vegetables_Dataset(12000)\Vegetables\RottenBellpepper\rottenPepper (441).jpg,rottenbellpepper
1c2f57cf3ffc7e2c32ccbd518740a36879fa191e9b33ac0b321634c36fa9a83c,C:\Users\76462\Desktop\9444 proj\dataset\Fruits_Vegetables_Dataset(12000)\Vegetables\RottenBellpepper\rottenPepper (428).jpg,rottenbellpepper
1c2f57cf3ffc7e2c32ccbd518740a36879fa191e9b33ac0b321634c36fa9a83c,C:\Users\76462\Desktop\9444 proj\dataset\Fruits_Vegetables_Dataset(12000)\Vegetables\RottenBellpepper\rottenPepper (612).jpg,rottenbellpepper
1b75c3a9778b034108d572ef8293e33c1c38d43c019122dbce7591b36cdf204b,C:\Users\76462\Desktop\9444 proj\dataset\Fruits_Vegetables_Dataset(12000)\Vegetables\RottenBellpepper\rottenPepper (457).jpg,rottenbellpepper
1b75c3a9778b034108d572ef8293e33c1c38d43c019122dbce7591b36cdf204b,C:\Users\76462\Desktop\9444 proj\dataset\Fruits_Vegetables_Dataset(12000)\Vegetables\RottenBellpepper\rottenPepper (581).jpg,rottenbellpepper
10aee7863f9ba2f9561b6bffa38dbc53e4b24c4ef13c3a6c744c114d4ea50a61,C:\Users\76462\Desktop\9444 proj\dataset\Fruits_Vegetables_Dataset(12000)\Vegetables\RottenBellpepper\rottenPepper (464).jpg,rottenbellpepper
10aee7863f9ba2f9561b6bffa38dbc53e4b24c4ef13c3a6c744c114d4ea50a61,C:\Users\76462\Desktop\9444 proj\dataset\Fruits_Vegetables_Dataset(12000)\Vegetables\RottenBellpepper\rottenPepper (594).jpg,rottenbellpepper
70f0a8c3f9dc9830df7c4a74a2eb44cd853eec761bf3184a576735fa988df24e,C:\Users\76462\Desktop\9444 proj\dataset\Fruits_Vegetables_Dataset(12000)\Vegetables\RottenBellpepper\rottenPepper (494).jpg,rottenbellpepper
70f0a8c3f9dc9830df7c4a74a2eb44cd853eec761bf3184a576735fa988df24e,C:\Users\76462\Desktop\9444 proj\dataset\Fruits_Vegetables_Dataset(12000)\Vegetables\RottenBellpepper\rottenPepper (613).jpg,rottenbellpepper
2b312ec5781d1fe995acac8dc1ace639e39f24228ac01510da24272d923ac01c,C:\Users\76462\Desktop\9444 proj\dataset\Fruits_Vegetables_Dataset(12000)\Vegetables\RottenBellpepper\rottenPepper (504).jpg,rottenbellpepper
2b312ec5781d1fe995acac8dc1ace639e39f24228ac01510da24272d923ac01c,C:\Users\76462\Desktop\9444 proj\dataset\Fruits_Vegetables_Dataset(12000)\Vegetables\RottenBellpepper\rottenPepper (609).jpg,rottenbellpepper
9f525686bb098640b2d81f32b60731e6e94242f58a355e5540a06fb39b68b269,C:\Users\76462\Desktop\9444 proj\dataset\Fruits_Vegetables_Dataset(12000)\Vegetables\RottenBellpepper\rottenPepper (521).jpg,rottenbellpepper
9f525686bb098640b2d81f32b60731e6e94242f58a355e5540a06fb39b68b269,C:\Users\76462\Desktop\9444 proj\dataset\Fruits_Vegetables_Dataset(12000)\Vegetables\RottenBellpepper\rottenPepper (631).jpg,rottenbellpepper
7a1e1ea48d8fe9fe7556fec99a343d26f711760a959ec476830685bc15e5a351,C:\Users\76462\Desktop\9444 proj\dataset\Fruits_Vegetables_Dataset(12000)\Vegetables\RottenBellpepper\rottenPepper (524).jpg,rottenbellpepper
7a1e1ea48d8fe9fe7556fec99a343d26f711760a959ec476830685bc15e5a351,C:\Users\76462\Desktop\9444 proj\dataset\Fruits_Vegetables_Dataset(12000)\Vegetables\RottenBellpepper\rottenPepper (544).jpg,rottenbellpepper
ac7468c433e5709e758adbff5282fbf477c9b57752f1b245f98b59bb7c560fdf,C:\Users\76462\Desktop\9444 proj\dataset\Fruits_Vegetables_Dataset(12000)\Vegetables\RottenBellpepper\rottenPepper (578).jpg,rottenbellpepper
ac7468c433e5709e758adbff5282fbf477c9b57752f1b245f98b59bb7c560fdf,C:\Users\76462\Desktop\9444 proj\dataset\Fruits_Vegetables_Dataset(12000)\Vegetables\RottenBellpepper\rottenPepper (661).jpg,rottenbellpepper
1c4722e6547bbdc8d39db99ffb625cea9e8a32b85372f37c211a7e9ab4523a0d,C:\Users\76462\Desktop\9444 proj\dataset\Fruits_Vegetables_Dataset(12000)\Vegetables\RottenCarrot\rottenCarrot (100).jpg,rottencarrot
1c4722e6547bbdc8d39db99ffb625cea9e8a32b85372f37c211a7e9ab4523a0d,C:\Users\76462\Desktop\9444 proj\dataset\Fruits_Vegetables_Dataset(12000)\Vegetables\RottenCarrot\rottenCarrot (251).jpg,rottencarrot
4177dfc624e6a49e7ccf93333d27162f290f050be7a77cfb86987739968b2130,C:\Users\76462\Desktop\9444 proj\dataset\Fruits_Vegetables_Dataset(12000)\Vegetables\RottenCarrot\rottenCarrot (101).jpg,rottencarrot
4177dfc624e6a49e7ccf93333d27162f290f050be7a77cfb86987739968b2130,C:\Users\76462\Desktop\9444 proj\dataset\Fruits_Vegetables_Dataset(12000)\Vegetables\RottenCarrot\rottenCarrot (252).jpg,rottencarrot
6305ac70935860521b4e75ac93451850dfa9c82a066d75f425f183f0a5e37053,C:\Users\76462\Desktop\9444 proj\dataset\Fruits_Vegetables_Dataset(12000)\Vegetables\RottenCarrot\rottenCarrot (102).jpg,rottencarrot
6305ac70935860521b4e75ac93451850dfa9c82a066d75f425f183f0a5e37053,C:\Users\76462\Desktop\9444 proj\dataset\Fruits_Vegetables_Dataset(12000)\Vegetables\RottenCarrot\rottenCarrot (253).jpg,rottencarrot
876a36ae3d320e0a3395bd80bc81361650ff8d66bb25010f040be9e3294fcedb,C:\Users\76462\Desktop\9444 proj\dataset\Fruits_Vegetables_Dataset(12000)\Vegetables\RottenCarrot\rottenCarrot (103).jpg,rottencarrot
876a36ae3d320e0a3395bd80bc81361650ff8d66bb25010f040be9e3294fcedb,C:\Users\76462\Desktop\9444 proj\dataset\Fruits_Vegetables_Dataset(12000)\Vegetables\RottenCarrot\rottenCarrot (254).jpg,rottencarrot
9d6ea31fb3f9c8fff110de74c548a7866498465d24b5480b37b98e5f6f986b31,C:\Users\76462\Desktop\9444 proj\dataset\Fruits_Vegetables_Dataset(12000)\Vegetables\RottenCarrot\rottenCarrot (104).jpg,rottencarrot
9d6ea31fb3f9c8fff110de74c548a7866498465d24b5480b37b98e5f6f986b31,C:\Users\76462\Desktop\9444 proj\dataset\Fruits_Vegetables_Dataset(12000)\Vegetables\RottenCarrot\rottenCarrot (255).jpg,rottencarrot
cfa07d96a1480ba3e14f5021557afc87ba65b84360b9998c7d3229d08fdf0a19,C:\Users\76462\Desktop\9444 proj\dataset\Fruits_Vegetables_Dataset(12000)\Vegetables\RottenCarrot\rottenCarrot (105).jpg,rottencarrot
cfa07d96a1480ba3e14f5021557afc87ba65b84360b9998c7d3229d08fdf0a19,C:\Users\76462\Desktop\9444 proj\dataset\Fruits_Vegetables_Dataset(12000)\Vegetables\RottenCarrot\rottenCarrot (256).jpg,rottencarrot
72a10a5ab9def320ffbce6c3918499b9e8c1c0377aa4b85937fc12973fc0e880,C:\Users\76462\Desktop\9444 proj\dataset\Fruits_Vegetables_Dataset(12000)\Vegetables\RottenCarrot\rottenCarrot (106).jpg,rottencarrot
72a10a5ab9def320ffbce6c3918499b9e8c1c0377aa4b85937fc12973fc0e880,C:\Users\76462\Desktop\9444 proj\dataset\Fruits_Vegetables_Dataset(12000)\Vegetables\RottenCarrot\rottenCarrot (257).jpg,rottencarrot
55e788c63f8e44f2678ecf3b7b0039c97f949f168f51f7d484f920c9829fdb7f,C:\Users\76462\Desktop\9444 proj\dataset\Fruits_Vegetables_Dataset(12000)\Vegetables\RottenCarrot\rottenCarrot (107).jpg,rottencarrot
55e788c63f8e44f2678ecf3b7b0039c97f949f168f51f7d484f920c9829fdb7f,C:\Users\76462\Desktop\9444 proj\dataset\Fruits_Vegetables_Dataset(12000)\Vegetables\RottenCarrot\rottenCarrot (258).jpg,rottencarrot
5c1b44d5fddf6ac8f195b39cbcc38780077b345e83104b0d5ca866f36216433c,C:\Users\76462\Desktop\9444 proj\dataset\Fruits_Vegetables_Dataset(12000)\Vegetables\RottenCarrot\rottenCarrot (108).jpg,rottencarrot
5c1b44d5fddf6ac8f195b39cbcc38780077b345e83104b0d5ca866f36216433c,C:\Users\76462\Desktop\9444 proj\dataset\Fruits_Vegetables_Dataset(12000)\Vegetables\RottenCarrot\rottenCarrot (259).jpg,rottencarrot
b3419c348bcc238b5f51c70cb78dd380b1ff9631135c920329c54eb699b3330f,C:\Users\76462\Desktop\9444 proj\dataset\Fruits_Vegetables_Dataset(12000)\Vegetables\RottenCarrot\rottenCarrot (109).jpg,rottencarrot
b3419c348bcc238b5f51c70cb78dd380b1ff9631135c920329c54eb699b3330f,C:\Users\76462\Desktop\9444 proj\dataset\Fruits_Vegetables_Dataset(12000)\Vegetables\RottenCarrot\rottenCarrot (260).jpg,rottencarrot
44638feefb50bd39052082d13ee7467c4ee3789f6f44270ff86533f0df94408f,C:\Users\76462\Desktop\9444 proj\dataset\Fruits_Vegetables_Dataset(12000)\Vegetables\RottenCarrot\rottenCarrot (110).jpg,rottencarrot
44638feefb50bd39052082d13ee7467c4ee3789f6f44270ff86533f0df94408f,C:\Users\76462\Desktop\9444 proj\dataset\Fruits_Vegetables_Dataset(12000)\Vegetables\RottenCarrot\rottenCarrot (261).jpg,rottencarrot
b2698ff71f97cfa9e498779ffe33dd475e43080d1d9f20c7e57e7677610c9f45,C:\Users\76462\Desktop\9444 proj\dataset\Fruits_Vegetables_Dataset(12000)\Vegetables\RottenCarrot\rottenCarrot (111).jpg,rottencarrot
b2698ff71f97cfa9e498779ffe33dd475e43080d1d9f20c7e57e7677610c9f45,C:\Users\76462\Desktop\9444 proj\dataset\Fruits_Vegetables_Dataset(12000)\Vegetables\RottenCarrot\rottenCarrot (262).jpg,rottencarrot
46b99448d08b45856bfc97dc33b75303d4bf65c231d057cffc6af3151306ba65,C:\Users\76462\Desktop\9444 proj\dataset\Fruits_Vegetables_Dataset(12000)\Vegetables\RottenCarrot\rottenCarrot (112).jpg,rottencarrot
46b99448d08b45856bfc97dc33b75303d4bf65c231d057cffc6af3151306ba65,C:\Users\76462\Desktop\9444 proj\dataset\Fruits_Vegetables_Dataset(12000)\Vegetables\RottenCarrot\rottenCarrot (263).jpg,rottencarrot
48e1d0be564d99bc76dbe9d679c737ee150b625ab981524c7124270c0e7561bb,C:\Users\76462\Desktop\9444 proj\dataset\Fruits_Vegetables_Dataset(12000)\Vegetables\RottenCarrot\rottenCarrot (113).jpg,rottencarrot
48e1d0be564d99bc76dbe9d679c737ee150b625ab981524c7124270c0e7561bb,C:\Users\76462\Desktop\9444 proj\dataset\Fruits_Vegetables_Dataset(12000)\Vegetables\RottenCarrot\rottenCarrot (264).jpg,rottencarrot
e0d5a76210f4bb900e9b0a5633721e91e3441ebb7e83d36590e0a8f5c52d300e,C:\Users\76462\Desktop\9444 proj\dataset\Fruits_Vegetables_Dataset(12000)\Vegetables\RottenCarrot\rottenCarrot (114).jpg,rottencarrot
e0d5a76210f4bb900e9b0a5633721e91e3441ebb7e83d36590e0a8f5c52d300e,C:\Users\76462\Desktop\9444 proj\dataset\Fruits_Vegetables_Dataset(12000)\Vegetables\RottenCarrot\rottenCarrot (265).jpg,rottencarrot
e514301c619fa66149b6ec00f9230901df7a67074376caace51fdecff1b49d32,C:\Users\76462\Desktop\9444 proj\dataset\Fruits_Vegetables_Dataset(12000)\Vegetables\RottenCarrot\rottenCarrot (115).jpg,rottencarrot
e514301c619fa66149b6ec00f9230901df7a67074376caace51fdecff1b49d32,C:\Users\76462\Desktop\9444 proj\dataset\Fruits_Vegetables_Dataset(12000)\Vegetables\RottenCarrot\rottenCarrot (266).jpg,rottencarrot
77f3a60c9645be1cf9a0e8bc0b45d74ce5b08325b1bb2a683310f54333ed7019,C:\Users\76462\Desktop\9444 proj\dataset\Fruits_Vegetables_Dataset(12000)\Vegetables\RottenCarrot\rottenCarrot (116).jpg,rottencarrot
77f3a60c9645be1cf9a0e8bc0b45d74ce5b08325b1bb2a683310f54333ed7019,C:\Users\76462\Desktop\9444 proj\dataset\Fruits_Vegetables_Dataset(12000)\Vegetables\RottenCarrot\rottenCarrot (267).jpg,rottencarrot
ac3fffeba3ee492545a66a4ffae0782f53f4ec0c41f48f6ecae13bdd39134dae,C:\Users\76462\Desktop\9444 proj\dataset\Fruits_Vegetables_Dataset(12000)\Vegetables\RottenCarrot\rottenCarrot (117).jpg,rottencarrot
ac3fffeba3ee492545a66a4ffae0782f53f4ec0c41f48f6ecae13bdd39134dae,C:\Users\76462\Desktop\9444 proj\dataset\Fruits_Vegetables_Dataset(12000)\Vegetables\RottenCarrot\rottenCarrot (268).jpg,rottencarrot
8747b34ea311da1a84c4073251a47537b4a0feecba53bb811b7f7b96056ed714,C:\Users\76462\Desktop\9444 proj\dataset\Fruits_Vegetables_Dataset(12000)\Vegetables\RottenCarrot\rottenCarrot (118).jpg,rottencarrot
8747b34ea311da1a84c4073251a47537b4a0feecba53bb811b7f7b96056ed714,C:\Users\76462\Desktop\9444 proj\dataset\Fruits_Vegetables_Dataset(12000)\Vegetables\RottenCarrot\rottenCarrot (269).jpg,rottencarrot
df4f083f44194fb699643b1a091ae8cba4ce316247676ff6fbce4852f21605c9,C:\Users\76462\Desktop\9444 proj\dataset\Fruits_Vegetables_Dataset(12000)\Vegetables\RottenCarrot\rottenCarrot (119).jpg,rottencarrot
df4f083f44194fb699643b1a091ae8cba4ce316247676ff6fbce4852f21605c9,C:\Users\76462\Desktop\9444 proj\dataset\Fruits_Vegetables_Dataset(12000)\Vegetables\RottenCarrot\rottenCarrot (270).jpg,rottencarrot
bff0d86c3b4c44f41880ad8a5a0f6479f5630d32a7f9c03295981aaf2a432274,C:\Users\76462\Desktop\9444 proj\dataset\Fruits_Vegetables_Dataset(12000)\Vegetables\RottenCarrot\rottenCarrot (120).jpg,rottencarrot
bff0d86c3b4c44f41880ad8a5a0f6479f5630d32a7f9c03295981aaf2a432274,C:\Users\76462\Desktop\9444 proj\dataset\Fruits_Vegetables_Dataset(12000)\Vegetables\RottenCarrot\rottenCarrot (271).jpg,rottencarrot
597ef131f1bf69339b09d09ff516367c196d9a377c67ff35d4e311b3ae32e813,C:\Users\76462\Desktop\9444 proj\dataset\Fruits_Vegetables_Dataset(12000)\Vegetables\RottenCarrot\rottenCarrot (121).jpg,rottencarrot
597ef131f1bf69339b09d09ff516367c196d9a377c67ff35d4e311b3ae32e813,C:\Users\76462\Desktop\9444 proj\dataset\Fruits_Vegetables_Dataset(12000)\Vegetables\RottenCarrot\rottenCarrot (272).jpg,rottencarrot
187ddb4b8a70e6729ea1b3e9a472155757c24e9e23a16d9e707083cc105c301c,C:\Users\76462\Desktop\9444 proj\dataset\Fruits_Vegetables_Dataset(12000)\Vegetables\RottenCarrot\rottenCarrot (122).jpg,rottencarrot
187ddb4b8a70e6729ea1b3e9a472155757c24e9e23a16d9e707083cc105c301c,C:\Users\76462\Desktop\9444 proj\dataset\Fruits_Vegetables_Dataset(12000)\Vegetables\RottenCarrot\rottenCarrot (273).jpg,rottencarrot
e4eb60de081e28249daf9e8eeb15bb6c4d8dc8bba0472c6b99b72b999f6a72d4,C:\Users\76462\Desktop\9444 proj\dataset\Fruits_Vegetables_Dataset(12000)\Vegetables\RottenCarrot\rottenCarrot (123).jpg,rottencarrot
e4eb60de081e28249daf9e8eeb15bb6c4d8dc8bba0472c6b99b72b999f6a72d4,C:\Users\76462\Desktop\9444 proj\dataset\Fruits_Vegetables_Dataset(12000)\Vegetables\RottenCarrot\rottenCarrot (274).jpg,rottencarrot
c9238ea104783c77814d89e9f20766be99586b95133de4ea3526f9dec8bfd565,C:\Users\76462\Desktop\9444 proj\dataset\Fruits_Vegetables_Dataset(12000)\Vegetables\RottenCarrot\rottenCarrot (124).jpg,rottencarrot
c9238ea104783c77814d89e9f20766be99586b95133de4ea3526f9dec8bfd565,C:\Users\76462\Desktop\9444 proj\dataset\Fruits_Vegetables_Dataset(12000)\Vegetables\RottenCarrot\rottenCarrot (275).jpg,rottencarrot
ed171eb751bd1c51f7afe9cc193c0be4df11a1c0f09b8ddbf361d5e878b55351,C:\Users\76462\Desktop\9444 proj\dataset\Fruits_Vegetables_Dataset(12000)\Vegetables\RottenCarrot\rottenCarrot (125).jpg,rottencarrot
ed171eb751bd1c51f7afe9cc193c0be4df11a1c0f09b8ddbf361d5e878b55351,C:\Users\76462\Desktop\9444 proj\dataset\Fruits_Vegetables_Dataset(12000)\Vegetables\RottenCarrot\rottenCarrot (276).jpg,rottencarrot
e315321ee377448abbe005f4f8b7365bae51245b09cf015071643684e37d2e5e,C:\Users\76462\Desktop\9444 proj\dataset\Fruits_Vegetables_Dataset(12000)\Vegetables\RottenCarrot\rottenCarrot (126).jpg,rottencarrot
e315321ee377448abbe005f4f8b7365bae51245b09cf015071643684e37d2e5e,C:\Users\76462\Desktop\9444 proj\dataset\Fruits_Vegetables_Dataset(12000)\Vegetables\RottenCarrot\rottenCarrot (277).jpg,rottencarrot
bd9b1c9fa54c8c84696b1cc8e90e6cd14ec526621b1b05c0e01f0dba7b6a8680,C:\Users\76462\Desktop\9444 proj\dataset\Fruits_Vegetables_Dataset(12000)\Vegetables\RottenCarrot\rottenCarrot (127).jpg,rottencarrot
bd9b1c9fa54c8c84696b1cc8e90e6cd14ec526621b1b05c0e01f0dba7b6a8680,C:\Users\76462\Desktop\9444 proj\dataset\Fruits_Vegetables_Dataset(12000)\Vegetables\RottenCarrot\rottenCarrot (279).jpg,rottencarrot
59ecd5d5539d656c55863ac93072c57866e92ab42df5ba667a8807ba9a3abbd6,C:\Users\76462\Desktop\9444 proj\dataset\Fruits_Vegetables_Dataset(12000)\Vegetables\RottenCarrot\rottenCarrot (128).jpg,rottencarrot
59ecd5d5539d656c55863ac93072c57866e92ab42df5ba667a8807ba9a3abbd6,C:\Users\76462\Desktop\9444 proj\dataset\Fruits_Vegetables_Dataset(12000)\Vegetables\RottenCarrot\rottenCarrot (280).jpg,rottencarrot
2c24f431c085bf797a9ec643c7f7840ca9cc4d972d80b81830415eaaa529c30c,C:\Users\76462\Desktop\9444 proj\dataset\Fruits_Vegetables_Dataset(12000)\Vegetables\RottenCarrot\rottenCarrot (129).jpg,rottencarrot
2c24f431c085bf797a9ec643c7f7840ca9cc4d972d80b81830415eaaa529c30c,C:\Users\76462\Desktop\9444 proj\dataset\Fruits_Vegetables_Dataset(12000)\Vegetables\RottenCarrot\rottenCarrot (281).jpg,rottencarrot
9966cc6bdaad43a9bbf1d9af083139f371ed6c0cf3832ca19fcb2c184c4d0e19,C:\Users\76462\Desktop\9444 proj\dataset\Fruits_Vegetables_Dataset(12000)\Vegetables\RottenCarrot\rottenCarrot (130).jpg,rottencarrot
9966cc6bdaad43a9bbf1d9af083139f371ed6c0cf3832ca19fcb2c184c4d0e19,C:\Users\76462\Desktop\9444 proj\dataset\Fruits_Vegetables_Dataset(12000)\Vegetables\RottenCarrot\rottenCarrot (282).jpg,rottencarrot
bd4570f17a48264447fae6aa0cbc1e523efe4c7bc9ac0ab96ebad6e92d918535,C:\Users\76462\Desktop\9444 proj\dataset\Fruits_Vegetables_Dataset(12000)\Vegetables\RottenCarrot\rottenCarrot (146).jpg,rottencarrot
bd4570f17a48264447fae6aa0cbc1e523efe4c7bc9ac0ab96ebad6e92d918535,C:\Users\76462\Desktop\9444 proj\dataset\Fruits_Vegetables_Dataset(12000)\Vegetables\RottenCarrot\rottenCarrot (354).jpg,rottencarrot
a73f0dce5d791b6f2b739f9887df2b85f9e42ac3a331e28a283f2f6f46063b7e,C:\Users\76462\Desktop\9444 proj\dataset\Fruits_Vegetables_Dataset(12000)\Vegetables\RottenCarrot\rottenCarrot (190).jpg,rottencarrot
a73f0dce5d791b6f2b739f9887df2b85f9e42ac3a331e28a283f2f6f46063b7e,C:\Users\76462\Desktop\9444 proj\dataset\Fruits_Vegetables_Dataset(12000)\Vegetables\RottenCarrot\rottenCarrot (384).jpg,rottencarrot
6d04948234c884a171d5de5d0959b668b2a2ed9eac52db3311ab41c069df4a34,C:\Users\76462\Desktop\9444 proj\dataset\Fruits_Vegetables_Dataset(12000)\Vegetables\RottenCarrot\rottenCarrot (191).jpg,rottencarrot
6d04948234c884a171d5de5d0959b668b2a2ed9eac52db3311ab41c069df4a34,C:\Users\76462\Desktop\9444 proj\dataset\Fruits_Vegetables_Dataset(12000)\Vegetables\RottenCarrot\rottenCarrot (372).jpg,rottencarrot
6b75eb1cc3856f2b8b5a929f8f9bb8207c858fb119bd5064199b0daafe00d51a,C:\Users\76462\Desktop\9444 proj\dataset\Fruits_Vegetables_Dataset(12000)\Vegetables\RottenCarrot\rottenCarrot (195).jpg,rottencarrot
6b75eb1cc3856f2b8b5a929f8f9bb8207c858fb119bd5064199b0daafe00d51a,C:\Users\76462\Desktop\9444 proj\dataset\Fruits_Vegetables_Dataset(12000)\Vegetables\RottenCarrot\rottenCarrot (460).jpg,rottencarrot
f887dc825a594fa57285abd73fdf35756bfd8aca2bd9684a8f2d32dbe56ae1ae,C:\Users\76462\Desktop\9444 proj\dataset\Fruits_Vegetables_Dataset(12000)\Vegetables\RottenCarrot\rottenCarrot (198).jpg,rottencarrot
f887dc825a594fa57285abd73fdf35756bfd8aca2bd9684a8f2d32dbe56ae1ae,C:\Users\76462\Desktop\9444 proj\dataset\Fruits_Vegetables_Dataset(12000)\Vegetables\RottenCarrot\rottenCarrot (393).jpg,rottencarrot
c190c73970ceda80ffc83132c9f122bd7dd37b41dbd284b95963f4d4a75032fc,C:\Users\76462\Desktop\9444 proj\dataset\Fruits_Vegetables_Dataset(12000)\Vegetables\RottenCarrot\rottenCarrot (201).jpg,rottencarrot
c190c73970ceda80ffc83132c9f122bd7dd37b41dbd284b95963f4d4a75032fc,C:\Users\76462\Desktop\9444 proj\dataset\Fruits_Vegetables_Dataset(12000)\Vegetables\RottenCarrot\rottenCarrot (565).jpg,rottencarrot
e837d5ccdaad75dfb7abfb6ba9040a5a5c9131baa9f10094fcb2035efb5dc863,C:\Users\76462\Desktop\9444 proj\dataset\Fruits_Vegetables_Dataset(12000)\Vegetables\RottenCarrot\rottenCarrot (218).jpg,rottencarrot
e837d5ccdaad75dfb7abfb6ba9040a5a5c9131baa9f10094fcb2035efb5dc863,C:\Users\76462\Desktop\9444 proj\dataset\Fruits_Vegetables_Dataset(12000)\Vegetables\RottenCarrot\rottenCarrot (332).jpg,rottencarrot
3611c8215d401824257d867ca031633b6e193adbc9cb5f37491eb1e5ab60266c,C:\Users\76462\Desktop\9444 proj\dataset\Fruits_Vegetables_Dataset(12000)\Vegetables\RottenCarrot\rottenCarrot (222).jpg,rottencarrot
3611c8215d401824257d867ca031633b6e193adbc9cb5f37491eb1e5ab60266c,C:\Users\76462\Desktop\9444 proj\dataset\Fruits_Vegetables_Dataset(12000)\Vegetables\RottenCarrot\rottenCarrot (458).jpg,rottencarrot
99872ad48e6d27b9356884d78e0a5228a0e260d5f6d23ab7e070a41d8193780f,C:\Users\76462\Desktop\9444 proj\dataset\Fruits_Vegetables_Dataset(12000)\Vegetables\RottenCarrot\rottenCarrot (227).jpg,rottencarrot
99872ad48e6d27b9356884d78e0a5228a0e260d5f6d23ab7e070a41d8193780f,C:\Users\76462\Desktop\9444 proj\dataset\Fruits_Vegetables_Dataset(12000)\Vegetables\RottenCarrot\rottenCarrot (462).jpg,rottencarrot
32675cfd211b60e10d665e72150d760ff35a2c205181670745cb1c9319d86b50,C:\Users\76462\Desktop\9444 proj\dataset\Fruits_Vegetables_Dataset(12000)\Vegetables\RottenCarrot\rottenCarrot (228).jpg,rottencarrot
32675cfd211b60e10d665e72150d760ff35a2c205181670745cb1c9319d86b50,C:\Users\76462\Desktop\9444 proj\dataset\Fruits_Vegetables_Dataset(12000)\Vegetables\RottenCarrot\rottenCarrot (77).jpg,rottencarrot
2e43043445105d0ff3469164d3ef249d5f09ead90eea491bd96fbf020c0ab3ab,C:\Users\76462\Desktop\9444 proj\dataset\Fruits_Vegetables_Dataset(12000)\Vegetables\RottenCarrot\rottenCarrot (229).jpg,rottencarrot
2e43043445105d0ff3469164d3ef249d5f09ead90eea491bd96fbf020c0ab3ab,C:\Users\76462\Desktop\9444 proj\dataset\Fruits_Vegetables_Dataset(12000)\Vegetables\RottenCarrot\rottenCarrot (78).jpg,rottencarrot
ff4e1e317242e0823566dccb4d4636dc29e617447355aaff5196253be7ea5f94,C:\Users\76462\Desktop\9444 proj\dataset\Fruits_Vegetables_Dataset(12000)\Vegetables\RottenCarrot\rottenCarrot (230).jpg,rottencarrot
ff4e1e317242e0823566dccb4d4636dc29e617447355aaff5196253be7ea5f94,C:\Users\76462\Desktop\9444 proj\dataset\Fruits_Vegetables_Dataset(12000)\Vegetables\RottenCarrot\rottenCarrot (79).jpg,rottencarrot
24fc0f3f785bea9eb2a7b48fb97efa75d7e9f437093746dd812c74879f81ac12,C:\Users\76462\Desktop\9444 proj\dataset\Fruits_Vegetables_Dataset(12000)\Vegetables\RottenCarrot\rottenCarrot (231).jpg,rottencarrot
24fc0f3f785bea9eb2a7b48fb97efa75d7e9f437093746dd812c74879f81ac12,C:\Users\76462\Desktop\9444 proj\dataset\Fruits_Vegetables_Dataset(12000)\Vegetables\RottenCarrot\rottenCarrot (80).jpg,rottencarrot
e34840b8d18aac0239683729498b714a87e7845839729e31803fbe99fbddced2,C:\Users\76462\Desktop\9444 proj\dataset\Fruits_Vegetables_Dataset(12000)\Vegetables\RottenCarrot\rottenCarrot (232).jpg,rottencarrot
e34840b8d18aac0239683729498b714a87e7845839729e31803fbe99fbddced2,C:\Users\76462\Desktop\9444 proj\dataset\Fruits_Vegetables_Dataset(12000)\Vegetables\RottenCarrot\rottenCarrot (81).jpg,rottencarrot
cd0101a67a554f9344db97abcf9b17ba3e0397328e33165d0fd4d92ba2774dd1,C:\Users\76462\Desktop\9444 proj\dataset\Fruits_Vegetables_Dataset(12000)\Vegetables\RottenCarrot\rottenCarrot (233).jpg,rottencarrot
cd0101a67a554f9344db97abcf9b17ba3e0397328e33165d0fd4d92ba2774dd1,C:\Users\76462\Desktop\9444 proj\dataset\Fruits_Vegetables_Dataset(12000)\Vegetables\RottenCarrot\rottenCarrot (82).jpg,rottencarrot
dc58aad01ad05e8bc8183ae3c4a1602111b99a5e77d312d2c3c97d8a554b21ae,C:\Users\76462\Desktop\9444 proj\dataset\Fruits_Vegetables_Dataset(12000)\Vegetables\RottenCarrot\rottenCarrot (234).jpg,rottencarrot
dc58aad01ad05e8bc8183ae3c4a1602111b99a5e77d312d2c3c97d8a554b21ae,C:\Users\76462\Desktop\9444 proj\dataset\Fruits_Vegetables_Dataset(12000)\Vegetables\RottenCarrot\rottenCarrot (83).jpg,rottencarrot
d594ce628f261bd70a17a14bc37f3c87fc312a70dd2fe8b99cc970212ffefedc,C:\Users\76462\Desktop\9444 proj\dataset\Fruits_Vegetables_Dataset(12000)\Vegetables\RottenCarrot\rottenCarrot (235).jpg,rottencarrot
d594ce628f261bd70a17a14bc37f3c87fc312a70dd2fe8b99cc970212ffefedc,C:\Users\76462\Desktop\9444 proj\dataset\Fruits_Vegetables_Dataset(12000)\Vegetables\RottenCarrot\rottenCarrot (84).jpg,rottencarrot
fa749503158dae32af5f8c32a83792e0ff5e7b076c96674cf777895e16b663f5,C:\Users\76462\Desktop\9444 proj\dataset\Fruits_Vegetables_Dataset(12000)\Vegetables\RottenCarrot\rottenCarrot (236).jpg,rottencarrot
fa749503158dae32af5f8c32a83792e0ff5e7b076c96674cf777895e16b663f5,C:\Users\76462\Desktop\9444 proj\dataset\Fruits_Vegetables_Dataset(12000)\Vegetables\RottenCarrot\rottenCarrot (85).jpg,rottencarrot
5e65614e7302604f287818e6cc53331051d4a0aa2a9fa14c5f9e6710f2289cad,C:\Users\76462\Desktop\9444 proj\dataset\Fruits_Vegetables_Dataset(12000)\Vegetables\RottenCarrot\rottenCarrot (237).jpg,rottencarrot
5e65614e7302604f287818e6cc53331051d4a0aa2a9fa14c5f9e6710f2289cad,C:\Users\76462\Desktop\9444 proj\dataset\Fruits_Vegetables_Dataset(12000)\Vegetables\RottenCarrot\rottenCarrot (86).jpg,rottencarrot
83d7cc57eed79b3f54e9299a11af529daf80035d54da9ccfcaa9c344b29574a8,C:\Users\76462\Desktop\9444 proj\dataset\Fruits_Vegetables_Dataset(12000)\Vegetables\RottenCarrot\rottenCarrot (238).jpg,rottencarrot
83d7cc57eed79b3f54e9299a11af529daf80035d54da9ccfcaa9c344b29574a8,C:\Users\76462\Desktop\9444 proj\dataset\Fruits_Vegetables_Dataset(12000)\Vegetables\RottenCarrot\rottenCarrot (87).jpg,rottencarrot
ccc575c8b0241b2689c91c05c5c5b94b86ee4b3554a1ef8f160888f898fb2774,C:\Users\76462\Desktop\9444 proj\dataset\Fruits_Vegetables_Dataset(12000)\Vegetables\RottenCarrot\rottenCarrot (239).jpg,rottencarrot
ccc575c8b0241b2689c91c05c5c5b94b86ee4b3554a1ef8f160888f898fb2774,C:\Users\76462\Desktop\9444 proj\dataset\Fruits_Vegetables_Dataset(12000)\Vegetables\RottenCarrot\rottenCarrot (88).jpg,rottencarrot
47dbb263fe6b41f1eaffe0cf56558595dc8e9fef959cfa6d924ece3b82a014ef,C:\Users\76462\Desktop\9444 proj\dataset\Fruits_Vegetables_Dataset(12000)\Vegetables\RottenCarrot\rottenCarrot (240).jpg,rottencarrot
47dbb263fe6b41f1eaffe0cf56558595dc8e9fef959cfa6d924ece3b82a014ef,C:\Users\76462\Desktop\9444 proj\dataset\Fruits_Vegetables_Dataset(12000)\Vegetables\RottenCarrot\rottenCarrot (89).jpg,rottencarrot
8524cdfce080f7a798dc96268b15449d524773649f8d85214b61daef2b42f90b,C:\Users\76462\Desktop\9444 proj\dataset\Fruits_Vegetables_Dataset(12000)\Vegetables\RottenCarrot\rottenCarrot (241).jpg,rottencarrot
8524cdfce080f7a798dc96268b15449d524773649f8d85214b61daef2b42f90b,C:\Users\76462\Desktop\9444 proj\dataset\Fruits_Vegetables_Dataset(12000)\Vegetables\RottenCarrot\rottenCarrot (90).jpg,rottencarrot
6653750f4f68718f635808cf76cc77cc0089c1bda01472da44e40a4db596463f,C:\Users\76462\Desktop\9444 proj\dataset\Fruits_Vegetables_Dataset(12000)\Vegetables\RottenCarrot\rottenCarrot (242).jpg,rottencarrot
6653750f4f68718f635808cf76cc77cc0089c1bda01472da44e40a4db596463f,C:\Users\76462\Desktop\9444 proj\dataset\Fruits_Vegetables_Dataset(12000)\Vegetables\RottenCarrot\rottenCarrot (91).jpg,rottencarrot
86c8138d67d7b3a3c24c4751b325c334cb8ebc98067793464d778c4c8a2e0748,C:\Users\76462\Desktop\9444 proj\dataset\Fruits_Vegetables_Dataset(12000)\Vegetables\RottenCarrot\rottenCarrot (243).jpg,rottencarrot
86c8138d67d7b3a3c24c4751b325c334cb8ebc98067793464d778c4c8a2e0748,C:\Users\76462\Desktop\9444 proj\dataset\Fruits_Vegetables_Dataset(12000)\Vegetables\RottenCarrot\rottenCarrot (92).jpg,rottencarrot
2753f11f806a5d51c1ff24a517043627fff0191ee5fa06b511605de5ad3af914,C:\Users\76462\Desktop\9444 proj\dataset\Fruits_Vegetables_Dataset(12000)\Vegetables\RottenCarrot\rottenCarrot (244).jpg,rottencarrot
2753f11f806a5d51c1ff24a517043627fff0191ee5fa06b511605de5ad3af914,C:\Users\76462\Desktop\9444 proj\dataset\Fruits_Vegetables_Dataset(12000)\Vegetables\RottenCarrot\rottenCarrot (93).jpg,rottencarrot
ae8dd3ed350475a6c614fabbe5065be66a9a142c2d65a8b2b7d6d1102990d873,C:\Users\76462\Desktop\9444 proj\dataset\Fruits_Vegetables_Dataset(12000)\Vegetables\RottenCarrot\rottenCarrot (245).jpg,rottencarrot
ae8dd3ed350475a6c614fabbe5065be66a9a142c2d65a8b2b7d6d1102990d873,C:\Users\76462\Desktop\9444 proj\dataset\Fruits_Vegetables_Dataset(12000)\Vegetables\RottenCarrot\rottenCarrot (94).jpg,rottencarrot
787e9cd6ea2f536706f4e31e03525db43077a9f1f5935ebf63660a6fd15c6614,C:\Users\76462\Desktop\9444 proj\dataset\Fruits_Vegetables_Dataset(12000)\Vegetables\RottenCarrot\rottenCarrot (246).jpg,rottencarrot
787e9cd6ea2f536706f4e31e03525db43077a9f1f5935ebf63660a6fd15c6614,C:\Users\76462\Desktop\9444 proj\dataset\Fruits_Vegetables_Dataset(12000)\Vegetables\RottenCarrot\rottenCarrot (95).jpg,rottencarrot
0668b1bae992b6b39eec529409749044a7a4c66241c99df536dd544174da236c,C:\Users\76462\Desktop\9444 proj\dataset\Fruits_Vegetables_Dataset(12000)\Vegetables\RottenCarrot\rottenCarrot (247).jpg,rottencarrot
0668b1bae992b6b39eec529409749044a7a4c66241c99df536dd544174da236c,C:\Users\76462\Desktop\9444 proj\dataset\Fruits_Vegetables_Dataset(12000)\Vegetables\RottenCarrot\rottenCarrot (96).jpg,rottencarrot
fa0874d7fb46229261f3bfdbf2b9dc0c6ae63268a267cabf9196b65cf25c709d,C:\Users\76462\Desktop\9444 proj\dataset\Fruits_Vegetables_Dataset(12000)\Vegetables\RottenCarrot\rottenCarrot (248).jpg,rottencarrot
fa0874d7fb46229261f3bfdbf2b9dc0c6ae63268a267cabf9196b65cf25c709d,C:\Users\76462\Desktop\9444 proj\dataset\Fruits_Vegetables_Dataset(12000)\Vegetables\RottenCarrot\rottenCarrot (97).jpg,rottencarrot
338b4be142ebc97538c9d2bddd57fcba45e027b8c7b52f628cb691fc5383955a,C:\Users\76462\Desktop\9444 proj\dataset\Fruits_Vegetables_Dataset(12000)\Vegetables\RottenCarrot\rottenCarrot (249).jpg,rottencarrot
338b4be142ebc97538c9d2bddd57fcba45e027b8c7b52f628cb691fc5383955a,C:\Users\76462\Desktop\9444 proj\dataset\Fruits_Vegetables_Dataset(12000)\Vegetables\RottenCarrot\rottenCarrot (98).jpg,rottencarrot
fc3679853ba148c6b2fb6e8f3b8ac9cf9059a2f3b58ea6a7e0c1cbc6cd7a1006,C:\Users\76462\Desktop\9444 proj\dataset\Fruits_Vegetables_Dataset(12000)\Vegetables\RottenCarrot\rottenCarrot (250).jpg,rottencarrot
fc3679853ba148c6b2fb6e8f3b8ac9cf9059a2f3b58ea6a7e0c1cbc6cd7a1006,C:\Users\76462\Desktop\9444 proj\dataset\Fruits_Vegetables_Dataset(12000)\Vegetables\RottenCarrot\rottenCarrot (99).jpg,rottencarrot
73ef67c315082fc77c8c0c4871a256bed5bb807cc3bc491b8745be3b8cbc4b26,C:\Users\76462\Desktop\9444 proj\dataset\Fruits_Vegetables_Dataset(12000)\Vegetables\RottenCarrot\rottenCarrot (3).jpg,rottencarrot
73ef67c315082fc77c8c0c4871a256bed5bb807cc3bc491b8745be3b8cbc4b26,C:\Users\76462\Desktop\9444 proj\dataset\Fruits_Vegetables_Dataset(12000)\Vegetables\RottenCarrot\rottenCarrot (41).jpg,rottencarrot
7a98d71a70d146d088347e95c5d94512b9656fe8290a425a872081a960151e13,C:\Users\76462\Desktop\9444 proj\dataset\Fruits_Vegetables_Dataset(12000)\Vegetables\RottenCarrot\rottenCarrot (339).jpg,rottencarrot
7a98d71a70d146d088347e95c5d94512b9656fe8290a425a872081a960151e13,C:\Users\76462\Desktop\9444 proj\dataset\Fruits_Vegetables_Dataset(12000)\Vegetables\RottenCarrot\rottenCarrot (400).jpg,rottencarrot
927b223f5acbe792df10031f42327d75f0f8f81ef18a400eca8314deddfc0d79,C:\Users\76462\Desktop\9444 proj\dataset\Fruits_Vegetables_Dataset(12000)\Vegetables\RottenCarrot\rottenCarrot (361).jpg,rottencarrot
927b223f5acbe792df10031f42327d75f0f8f81ef18a400eca8314deddfc0d79,C:\Users\76462\Desktop\9444 proj\dataset\Fruits_Vegetables_Dataset(12000)\Vegetables\RottenCarrot\rottenCarrot (506).jpg,rottencarrot
653213c11df70b1a07309d9453adc96347730f3a7fe3aeb91b8f612f236a76ab,C:\Users\76462\Desktop\9444 proj\dataset\Fruits_Vegetables_Dataset(12000)\Vegetables\RottenCarrot\rottenCarrot (367).jpg,rottencarrot
653213c11df70b1a07309d9453adc96347730f3a7fe3aeb91b8f612f236a76ab,C:\Users\76462\Desktop\9444 proj\dataset\Fruits_Vegetables_Dataset(12000)\Vegetables\RottenCarrot\rottenCarrot (9).jpg,rottencarrot
5976316db3b60899ed9b7a26cfd378d6f0ed8554843b20627d902db5591caac5,C:\Users\76462\Desktop\9444 proj\dataset\Fruits_Vegetables_Dataset(12000)\Vegetables\RottenCarrot\rottenCarrot (381).jpg,rottencarrot
5976316db3b60899ed9b7a26cfd378d6f0ed8554843b20627d902db5591caac5,C:\Users\76462\Desktop\9444 proj\dataset\Fruits_Vegetables_Dataset(12000)\Vegetables\RottenCarrot\rottenCarrot (545).jpg,rottencarrot
a33e56357272970912f73fbf7055b5a585be0c9b104ac3782a97edb18a656cc3,C:\Users\76462\Desktop\9444 proj\dataset\Fruits_Vegetables_Dataset(12000)\Vegetables\RottenCarrot\rottenCarrot (463).jpg,rottencarrot
a33e56357272970912f73fbf7055b5a585be0c9b104ac3782a97edb18a656cc3,C:\Users\76462\Desktop\9444 proj\dataset\Fruits_Vegetables_Dataset(12000)\Vegetables\RottenCarrot\rottenCarrot (570).jpg,rottencarrot
d0d7abf2618776349ed14cea80479a792e5f62e576c9d1f81268693f767251be,C:\Users\76462\Desktop\9444 proj\dataset\Fruits_Vegetables_Dataset(12000)\Vegetables\RottenCarrot\rottenCarrot (504).jpg,rottencarrot
d0d7abf2618776349ed14cea80479a792e5f62e576c9d1f81268693f767251be,C:\Users\76462\Desktop\9444 proj\dataset\Fruits_Vegetables_Dataset(12000)\Vegetables\RottenCarrot\rottenCarrot (529).jpg,rottencarrot
c334afd1c514f7678735e9acad0a115f49beb937aa7bc0cc2f7ebdfe242e2492,C:\Users\76462\Desktop\9444 proj\dataset\Fruits_Vegetables_Dataset(12000)\Vegetables\RottenCarrot\rottenCarrot (505).jpg,rottencarrot
c334afd1c514f7678735e9acad0a115f49beb937aa7bc0cc2f7ebdfe242e2492,C:\Users\76462\Desktop\9444 proj\dataset\Fruits_Vegetables_Dataset(12000)\Vegetables\RottenCarrot\rottenCarrot (551).jpg,rottencarrot
0f79d954cf7410b73b3a59939389d57ff3b7676362e904cc57e1648bfa205a53,C:\Users\76462\Desktop\9444 proj\dataset\Fruits_Vegetables_Dataset(12000)\Vegetables\RottenCucumber\rottenCucumber (10).jpg,rottencucumber
0f79d954cf7410b73b3a59939389d57ff3b7676362e904cc57e1648bfa205a53,C:\Users\76462\Desktop\9444 proj\dataset\Fruits_Vegetables_Dataset(12000)\Vegetables\RottenCucumber\rottenCucumber (11).jpg,rottencucumber
b3ecb447c64093c8d4e2678e93df44d8a845947fb2100268972cda63f273111a,C:\Users\76462\Desktop\9444 proj\dataset\Fruits_Vegetables_Dataset(12000)\Vegetables\RottenCucumber\rottenCucumber (12).jpg,rottencucumber
b3ecb447c64093c8d4e2678e93df44d8a845947fb2100268972cda63f273111a,C:\Users\76462\Desktop\9444 proj\dataset\Fruits_Vegetables_Dataset(12000)\Vegetables\RottenCucumber\rottenCucumber (13).jpg,rottencucumber
d0fb0399b92faf0f0e7a2ae53579769d41e739b3d7154a38716bc4436e6260ac,C:\Users\76462\Desktop\9444 proj\dataset\Fruits_Vegetables_Dataset(12000)\Vegetables\RottenCucumber\rottenCucumber (14).jpg,rottencucumber
d0fb0399b92faf0f0e7a2ae53579769d41e739b3d7154a38716bc4436e6260ac,C:\Users\76462\Desktop\9444 proj\dataset\Fruits_Vegetables_Dataset(12000)\Vegetables\RottenCucumber\rottenCucumber (15).jpg,rottencucumber
0abb68060e1464aaa2721d35dabc0731a276b15a1009f92dd6dd80a068077165,C:\Users\76462\Desktop\9444 proj\dataset\Fruits_Vegetables_Dataset(12000)\Vegetables\RottenCucumber\rottenCucumber (16).jpg,rottencucumber
0abb68060e1464aaa2721d35dabc0731a276b15a1009f92dd6dd80a068077165,C:\Users\76462\Desktop\9444 proj\dataset\Fruits_Vegetables_Dataset(12000)\Vegetables\RottenCucumber\rottenCucumber (17).jpg,rottencucumber
6a5cf26fdfdbfb07610fff9c89164a008b69111166cb9e3f763cc9a00d31775c,C:\Users\76462\Desktop\9444 proj\dataset\Fruits_Vegetables_Dataset(12000)\Vegetables\RottenCucumber\rottenCucumber (18).jpg,rottencucumber
6a5cf26fdfdbfb07610fff9c89164a008b69111166cb9e3f763cc9a00d31775c,C:\Users\76462\Desktop\9444 proj\dataset\Fruits_Vegetables_Dataset(12000)\Vegetables\RottenCucumber\rottenCucumber (19).jpg,rottencucumber
c0b95b5ac076e502857a5393fe7067e9cbf7eea429602b1eeb5104409eedd57c,C:\Users\76462\Desktop\9444 proj\dataset\Fruits_Vegetables_Dataset(12000)\Vegetables\RottenCucumber\rottenCucumber (2).jpg,rottencucumber
c0b95b5ac076e502857a5393fe7067e9cbf7eea429602b1eeb5104409eedd57c,C:\Users\76462\Desktop\9444 proj\dataset\Fruits_Vegetables_Dataset(12000)\Vegetables\RottenCucumber\rottenCucumber (3).jpg,rottencucumber
a2ecf9ddde673a11201dc3d707502414596a2e7b7fd673d5b17d001cb6a30ff8,C:\Users\76462\Desktop\9444 proj\dataset\Fruits_Vegetables_Dataset(12000)\Vegetables\RottenCucumber\rottenCucumber (20).jpg,rottencucumber
a2ecf9ddde673a11201dc3d707502414596a2e7b7fd673d5b17d001cb6a30ff8,C:\Users\76462\Desktop\9444 proj\dataset\Fruits_Vegetables_Dataset(12000)\Vegetables\RottenCucumber\rottenCucumber (21).jpg,rottencucumber
339d201472d44533585415f7ab0ba80c5627210248bd02a30917798a7f65fddb,C:\Users\76462\Desktop\9444 proj\dataset\Fruits_Vegetables_Dataset(12000)\Vegetables\RottenCucumber\rottenCucumber (22).jpg,rottencucumber
339d201472d44533585415f7ab0ba80c5627210248bd02a30917798a7f65fddb,C:\Users\76462\Desktop\9444 proj\dataset\Fruits_Vegetables_Dataset(12000)\Vegetables\RottenCucumber\rottenCucumber (23).jpg,rottencucumber
63174840fd8aba35f95a36799cb9254ed6a6325be7a03b1d60a4963033574815,C:\Users\76462\Desktop\9444 proj\dataset\Fruits_Vegetables_Dataset(12000)\Vegetables\RottenCucumber\rottenCucumber (24).jpg,rottencucumber
63174840fd8aba35f95a36799cb9254ed6a6325be7a03b1d60a4963033574815,C:\Users\76462\Desktop\9444 proj\dataset\Fruits_Vegetables_Dataset(12000)\Vegetables\RottenCucumber\rottenCucumber (25).jpg,rottencucumber
2b4682517c8cbe0ac743f98f6abe819ffcd78d99c09460ce6f10c935bdc0bf4f,C:\Users\76462\Desktop\9444 proj\dataset\Fruits_Vegetables_Dataset(12000)\Vegetables\RottenCucumber\rottenCucumber (26).jpg,rottencucumber
2b4682517c8cbe0ac743f98f6abe819ffcd78d99c09460ce6f10c935bdc0bf4f,C:\Users\76462\Desktop\9444 proj\dataset\Fruits_Vegetables_Dataset(12000)\Vegetables\RottenCucumber\rottenCucumber (27).jpg,rottencucumber
271ca3444ab2c62f342d8d8ca39ff7888d4f37a1d229dacc52cc9d9a03d208f5,C:\Users\76462\Desktop\9444 proj\dataset\Fruits_Vegetables_Dataset(12000)\Vegetables\RottenCucumber\rottenCucumber (580).jpg,rottencucumber
271ca3444ab2c62f342d8d8ca39ff7888d4f37a1d229dacc52cc9d9a03d208f5,C:\Users\76462\Desktop\9444 proj\dataset\Fruits_Vegetables_Dataset(12000)\Vegetables\RottenCucumber\rottenCucumber (581).jpg,rottencucumber
07552d72f82009e6471b71b1f6a856293c8ef7d7129e5fdd9b0ee8dd4ece6caf,C:\Users\76462\Desktop\9444 proj\dataset\Fruits_Vegetables_Dataset(12000)\Vegetables\RottenCucumber\rottenCucumber (582).jpg,rottencucumber
07552d72f82009e6471b71b1f6a856293c8ef7d7129e5fdd9b0ee8dd4ece6caf,C:\Users\76462\Desktop\9444 proj\dataset\Fruits_Vegetables_Dataset(12000)\Vegetables\RottenCucumber\rottenCucumber (583).jpg,rottencucumber
8fca7e0d14572c518867fb3f7340d7181d72d8421d0a381c2e1980399b854d20,C:\Users\76462\Desktop\9444 proj\dataset\Fruits_Vegetables_Dataset(12000)\Vegetables\RottenCucumber\rottenCucumber (584).jpg,rottencucumber
8fca7e0d14572c518867fb3f7340d7181d72d8421d0a381c2e1980399b854d20,C:\Users\76462\Desktop\9444 proj\dataset\Fruits_Vegetables_Dataset(12000)\Vegetables\RottenCucumber\rottenCucumber (585).jpg,rottencucumber
84ddd9dc4b5ebfe6ae5b42a3267118409d66b774d19e06ec2e1e0f57afad99f3,C:\Users\76462\Desktop\9444 proj\dataset\Fruits_Vegetables_Dataset(12000)\Vegetables\RottenCucumber\rottenCucumber (586).jpg,rottencucumber
84ddd9dc4b5ebfe6ae5b42a3267118409d66b774d19e06ec2e1e0f57afad99f3,C:\Users\76462\Desktop\9444 proj\dataset\Fruits_Vegetables_Dataset(12000)\Vegetables\RottenCucumber\rottenCucumber (587).jpg,rottencucumber
dd929cbb28b575c7c2f3b91d284857f698ffe6dafdeab1b145919ecf3210a54d,C:\Users\76462\Desktop\9444 proj\dataset\Fruits_Vegetables_Dataset(12000)\Vegetables\RottenCucumber\rottenCucumber (588).jpg,rottencucumber
dd929cbb28b575c7c2f3b91d284857f698ffe6dafdeab1b145919ecf3210a54d,C:\Users\76462\Desktop\9444 proj\dataset\Fruits_Vegetables_Dataset(12000)\Vegetables\RottenCucumber\rottenCucumber (589).jpg,rottencucumber
25b7ffb21bd83dc012e8214384fcaccbcf0b41fd9b00798daaf8bd990b5b37ce,C:\Users\76462\Desktop\9444 proj\dataset\Fruits_Vegetables_Dataset(12000)\Vegetables\RottenCucumber\rottenCucumber (590).jpg,rottencucumber
25b7ffb21bd83dc012e8214384fcaccbcf0b41fd9b00798daaf8bd990b5b37ce,C:\Users\76462\Desktop\9444 proj\dataset\Fruits_Vegetables_Dataset(12000)\Vegetables\RottenCucumber\rottenCucumber (591).jpg,rottencucumber
38d22f00e0b3b751503b517ba5bd6436891a16a9e82fcc560caab8fc7e5d356d,C:\Users\76462\Desktop\9444 proj\dataset\Fruits_Vegetables_Dataset(12000)\Vegetables\RottenCucumber\rottenCucumber (592).jpg,rottencucumber
38d22f00e0b3b751503b517ba5bd6436891a16a9e82fcc560caab8fc7e5d356d,C:\Users\76462\Desktop\9444 proj\dataset\Fruits_Vegetables_Dataset(12000)\Vegetables\RottenCucumber\rottenCucumber (593).jpg,rottencucumber
b288c784ae1bbc12c77ee2d8c4c50ee05e862ce7fd4e1429a38feab15c15b48b,C:\Users\76462\Desktop\9444 proj\dataset\Fruits_Vegetables_Dataset(12000)\Vegetables\RottenPotato\rottenPotato (12).jpg,rottenpotato
b288c784ae1bbc12c77ee2d8c4c50ee05e862ce7fd4e1429a38feab15c15b48b,C:\Users\76462\Desktop\9444 proj\dataset\Fruits_Vegetables_Dataset(12000)\Vegetables\RottenPotato\rottenPotato (235).jpg,rottenpotato
49038c7ee4dfb858a7cd825de27151b96c6e07a8d11f63d0aa0b115119cee3ac,C:\Users\76462\Desktop\9444 proj\dataset\Fruits_Vegetables_Dataset(12000)\Vegetables\RottenPotato\rottenPotato (207).jpg,rottenpotato
49038c7ee4dfb858a7cd825de27151b96c6e07a8d11f63d0aa0b115119cee3ac,C:\Users\76462\Desktop\9444 proj\dataset\Fruits_Vegetables_Dataset(12000)\Vegetables\RottenPotato\rottenPotato (68).jpg,rottenpotato
cbcd048bd640f9806e75651c771a06ef3c0a4ef9e2eba0ab60484c1f7b270482,C:\Users\76462\Desktop\9444 proj\dataset\Fruits_Vegetables_Dataset(12000)\Vegetables\RottenPotato\rottenPotato (215).jpg,rottenpotato
cbcd048bd640f9806e75651c771a06ef3c0a4ef9e2eba0ab60484c1f7b270482,C:\Users\76462\Desktop\9444 proj\dataset\Fruits_Vegetables_Dataset(12000)\Vegetables\RottenPotato\rottenPotato (403).jpg,rottenpotato
cbcd048bd640f9806e75651c771a06ef3c0a4ef9e2eba0ab60484c1f7b270482,C:\Users\76462\Desktop\9444 proj\dataset\Fruits_Vegetables_Dataset(12000)\Vegetables\RottenPotato\rottenPotato (498).jpg,rottenpotato
1d0452898c9c720d4ee7025d8910cca03f89452542180e9ef0d3c00ab8cfe165,C:\Users\76462\Desktop\9444 proj\dataset\Fruits_Vegetables_Dataset(12000)\Vegetables\RottenPotato\rottenPotato (224).jpg,rottenpotato
1d0452898c9c720d4ee7025d8910cca03f89452542180e9ef0d3c00ab8cfe165,C:\Users\76462\Desktop\9444 proj\dataset\Fruits_Vegetables_Dataset(12000)\Vegetables\RottenPotato\rottenPotato (82).jpg,rottenpotato
b8a52818bf3dc54163b7ddf710c0ba13e14595ac066cb44d6e4e2ae5bd921184,C:\Users\76462\Desktop\9444 proj\dataset\Fruits_Vegetables_Dataset(12000)\Vegetables\RottenPotato\rottenPotato (375).jpg,rottenpotato
b8a52818bf3dc54163b7ddf710c0ba13e14595ac066cb44d6e4e2ae5bd921184,C:\Users\76462\Desktop\9444 proj\dataset\Fruits_Vegetables_Dataset(12000)\Vegetables\RottenPotato\rottenPotato (414).jpg,rottenpotato
d26ca5224bd0f9265bcb507064348dc107520733ce735f7074aae993e1cd037e,C:\Users\76462\Desktop\9444 proj\dataset\Fruits_Vegetables_Dataset(12000)\Vegetables\RottenPotato\rottenPotato (388).jpg,rottenpotato
d26ca5224bd0f9265bcb507064348dc107520733ce735f7074aae993e1cd037e,C:\Users\76462\Desktop\9444 proj\dataset\Fruits_Vegetables_Dataset(12000)\Vegetables\RottenPotato\rottenPotato (491).jpg,rottenpotato
8d340e318d0da4c48138c7fcd4745e80492a5c8462f4be1972b3ea739661e13f,C:\Users\76462\Desktop\9444 proj\dataset\Fruits_Vegetables_Dataset(12000)\Vegetables\RottenPotato\rottenPotato (389).jpg,rottenpotato
8d340e318d0da4c48138c7fcd4745e80492a5c8462f4be1972b3ea739661e13f,C:\Users\76462\Desktop\9444 proj\dataset\Fruits_Vegetables_Dataset(12000)\Vegetables\RottenPotato\rottenPotato (416).jpg,rottenpotato
8d340e318d0da4c48138c7fcd4745e80492a5c8462f4be1972b3ea739661e13f,C:\Users\76462\Desktop\9444 proj\dataset\Fruits_Vegetables_Dataset(12000)\Vegetables\RottenPotato\rottenPotato (492).jpg,rottenpotato
0c008805c8069ab5de02d5a31d7f8367547d8b2b33565245a64db20f68c19d56,C:\Users\76462\Desktop\9444 proj\dataset\Fruits_Vegetables_Dataset(12000)\Vegetables\RottenPotato\rottenPotato (390).jpg,rottenpotato
0c008805c8069ab5de02d5a31d7f8367547d8b2b33565245a64db20f68c19d56,C:\Users\76462\Desktop\9444 proj\dataset\Fruits_Vegetables_Dataset(12000)\Vegetables\RottenPotato\rottenPotato (493).jpg,rottenpotato
749fc87623239098661dcfe1fa92be846549453a5678ca48aa451388a572bd6e,C:\Users\76462\Desktop\9444 proj\dataset\Fruits_Vegetables_Dataset(12000)\Vegetables\RottenPotato\rottenPotato (391).jpg,rottenpotato
749fc87623239098661dcfe1fa92be846549453a5678ca48aa451388a572bd6e,C:\Users\76462\Desktop\9444 proj\dataset\Fruits_Vegetables_Dataset(12000)\Vegetables\RottenPotato\rottenPotato (494).jpg,rottenpotato
2444991fcd56b138bef1a36062e42eaf9cf6c384db4d5fc1b056af81f675388e,C:\Users\76462\Desktop\9444 proj\dataset\Fruits_Vegetables_Dataset(12000)\Vegetables\RottenPotato\rottenPotato (392).jpg,rottenpotato
2444991fcd56b138bef1a36062e42eaf9cf6c384db4d5fc1b056af81f675388e,C:\Users\76462\Desktop\9444 proj\dataset\Fruits_Vegetables_Dataset(12000)\Vegetables\RottenPotato\rottenPotato (495).jpg,rottenpotato
55020c6d01f4f73b1a576844b6d1fcee40598a9e0905df52dd5b000f52f8e3f6,C:\Users\76462\Desktop\9444 proj\dataset\Fruits_Vegetables_Dataset(12000)\Vegetables\RottenPotato\rottenPotato (393).jpg,rottenpotato
55020c6d01f4f73b1a576844b6d1fcee40598a9e0905df52dd5b000f52f8e3f6,C:\Users\76462\Desktop\9444 proj\dataset\Fruits_Vegetables_Dataset(12000)\Vegetables\RottenPotato\rottenPotato (496).jpg,rottenpotato
c99312f2ae6ed56674e28f8155c379eb3d737cd81b24699006b479e6da1fc1d6,C:\Users\76462\Desktop\9444 proj\dataset\Fruits_Vegetables_Dataset(12000)\Vegetables\RottenPotato\rottenPotato (394).jpg,rottenpotato
c99312f2ae6ed56674e28f8155c379eb3d737cd81b24699006b479e6da1fc1d6,C:\Users\76462\Desktop\9444 proj\dataset\Fruits_Vegetables_Dataset(12000)\Vegetables\RottenPotato\rottenPotato (497).jpg,rottenpotato
3e80fca0a56f67f926c3bd7f90497ff48d56be75478d2d5a758a2da27f7f5135,C:\Users\76462\Desktop\9444 proj\dataset\Fruits_Vegetables_Dataset(12000)\Vegetables\RottenPotato\rottenPotato (404).jpg,rottenpotato
3e80fca0a56f67f926c3bd7f90497ff48d56be75478d2d5a758a2da27f7f5135,C:\Users\76462\Desktop\9444 proj\dataset\Fruits_Vegetables_Dataset(12000)\Vegetables\RottenPotato\rottenPotato (499).jpg,rottenpotato
864b7131b4da674681c52d31d262e3752ee5dc515d49837242b053171db9b5be,C:\Users\76462\Desktop\9444 proj\dataset\Fruits_Vegetables_Dataset(12000)\Vegetables\RottenPotato\rottenPotato (405).jpg,rottenpotato
864b7131b4da674681c52d31d262e3752ee5dc515d49837242b053171db9b5be,C:\Users\76462\Desktop\9444 proj\dataset\Fruits_Vegetables_Dataset(12000)\Vegetables\RottenPotato\rottenPotato (500).jpg,rottenpotato
6eee61449f9b9122179c040e0082ccc0092574c871146adf2d183635f9c2b875,C:\Users\76462\Desktop\9444 proj\dataset\Fruits_Vegetables_Dataset(12000)\Vegetables\RottenPotato\rottenPotato (406).jpg,rottenpotato
6eee61449f9b9122179c040e0082ccc0092574c871146adf2d183635f9c2b875,C:\Users\76462\Desktop\9444 proj\dataset\Fruits_Vegetables_Dataset(12000)\Vegetables\RottenPotato\rottenPotato (501).jpg,rottenpotato
33bac4677e35e776517b5e82b3d8ea0f4f21f2027224279780a0c7e9fc204f36,C:\Users\76462\Desktop\9444 proj\dataset\Fruits_Vegetables_Dataset(12000)\Vegetables\RottenPotato\rottenPotato (407).jpg,rottenpotato
33bac4677e35e776517b5e82b3d8ea0f4f21f2027224279780a0c7e9fc204f36,C:\Users\76462\Desktop\9444 proj\dataset\Fruits_Vegetables_Dataset(12000)\Vegetables\RottenPotato\rottenPotato (502).jpg,rottenpotato
4d66be5b9c073dcb6021d1582d319a0a1e25a0a080e597fbd1bbcacabc63f7a9,C:\Users\76462\Desktop\9444 proj\dataset\Fruits_Vegetables_Dataset(12000)\Vegetables\RottenPotato\rottenPotato (408).jpg,rottenpotato
4d66be5b9c073dcb6021d1582d319a0a1e25a0a080e597fbd1bbcacabc63f7a9,C:\Users\76462\Desktop\9444 proj\dataset\Fruits_Vegetables_Dataset(12000)\Vegetables\RottenPotato\rottenPotato (503).jpg,rottenpotato
8127f143127591203df16e15b187471fc359711ddcb6a6f308e382fd563c3805,C:\Users\76462\Desktop\9444 proj\dataset\Fruits_Vegetables_Dataset(12000)\Vegetables\RottenPotato\rottenPotato (409).jpg,rottenpotato
8127f143127591203df16e15b187471fc359711ddcb6a6f308e382fd563c3805,C:\Users\76462\Desktop\9444 proj\dataset\Fruits_Vegetables_Dataset(12000)\Vegetables\RottenPotato\rottenPotato (504).jpg,rottenpotato
6ae7805e71ddd4c6859a8f7a7d9e963f6d270866a455897794a8ecb620524012,C:\Users\76462\Desktop\9444 proj\dataset\Fruits_Vegetables_Dataset(12000)\Vegetables\RottenPotato\rottenPotato (472).jpg,rottenpotato
6ae7805e71ddd4c6859a8f7a7d9e963f6d270866a455897794a8ecb620524012,C:\Users\76462\Desktop\9444 proj\dataset\Fruits_Vegetables_Dataset(12000)\Vegetables\RottenPotato\rottenPotato (5).jpg,rottenpotato
9d15f804ce542957c2182e584c88aebf5ad703169f8adab87301b7a0ddbe65af,C:\Users\76462\Desktop\9444 proj\dataset\Fruits_Vegetables_Dataset(12000)\Vegetables\RottenTomato\rottenTomato (182).jpg,rottentomato
9d15f804ce542957c2182e584c88aebf5ad703169f8adab87301b7a0ddbe65af,C:\Users\76462\Desktop\9444 proj\dataset\Fruits_Vegetables_Dataset(12000)\Vegetables\RottenTomato\rottenTomato (183).jpg,rottentomato
6bfcd325ac5ecc8887a778d06d26df3d26c62eeb40576317cb94193e01cbe949,C:\Users\76462\Desktop\9444 proj\dataset\Fruits_Vegetables_Dataset(12000)\Vegetables\RottenTomato\rottenTomato (236).jpg,rottentomato
6bfcd325ac5ecc8887a778d06d26df3d26c62eeb40576317cb94193e01cbe949,C:\Users\76462\Desktop\9444 proj\dataset\Fruits_Vegetables_Dataset(12000)\Vegetables\RottenTomato\rottenTomato (237).jpg,rottentomato
2057e87f72cea1af0164b2fefcd9d50f5fb531c59807ca5a1d56e22f7c7a8c90,C:\Users\76462\Desktop\9444 proj\dataset\Fruits_Vegetables_Dataset(12000)\Vegetables\RottenTomato\rottenTomato (262).jpg,rottentomato
2057e87f72cea1af0164b2fefcd9d50f5fb531c59807ca5a1d56e22f7c7a8c90,C:\Users\76462\Desktop\9444 proj\dataset\Fruits_Vegetables_Dataset(12000)\Vegetables\RottenTomato\rottenTomato (264).jpg,rottentomato
13d87aa7a7c49fc13f9613a156c7b82e75a8f02cee51c50dbb9932c32e00f6d1,C:\Users\76462\Desktop\9444 proj\dataset\Fruits_Vegetables_Dataset(12000)\Vegetables\RottenTomato\rottenTomato (322).jpg,rottentomato
13d87aa7a7c49fc13f9613a156c7b82e75a8f02cee51c50dbb9932c32e00f6d1,C:\Users\76462\Desktop\9444 proj\dataset\Fruits_Vegetables_Dataset(12000)\Vegetables\RottenTomato\rottenTomato (323).jpg,rottentomato
78c6a710ec9b7a171e9ef6baf732416b38b5ffbcbe5a225ab7cd8ca5f8c45875,C:\Users\76462\Desktop\9444 proj\dataset\Fruits_Vegetables_Dataset(12000)\Vegetables\RottenTomato\rottenTomato (325).jpg,rottentomato
78c6a710ec9b7a171e9ef6baf732416b38b5ffbcbe5a225ab7cd8ca5f8c45875,C:\Users\76462\Desktop\9444 proj\dataset\Fruits_Vegetables_Dataset(12000)\Vegetables\RottenTomato\rottenTomato (326).jpg,rottentomato
6781918277b3795db71be858191d7369c3b214f8c2cd30b9b71c869c1d324004,C:\Users\76462\Desktop\9444 proj\dataset\Fruits_Vegetables_Dataset(12000)\Vegetables\RottenTomato\rottenTomato (333).jpg,rottentomato
6781918277b3795db71be858191d7369c3b214f8c2cd30b9b71c869c1d324004,C:\Users\76462\Desktop\9444 proj\dataset\Fruits_Vegetables_Dataset(12000)\Vegetables\RottenTomato\rottenTomato (334).jpg,rottentomato
c3ae02d511f23d636c0ebea65140234a7a5ef5a9fe165a064ee85464c09612e4,C:\Users\76462\Desktop\9444 proj\dataset\Fruits_Vegetables_Dataset(12000)\Vegetables\RottenTomato\rottenTomato (355).jpg,rottentomato
c3ae02d511f23d636c0ebea65140234a7a5ef5a9fe165a064ee85464c09612e4,C:\Users\76462\Desktop\9444 proj\dataset\Fruits_Vegetables_Dataset(12000)\Vegetables\RottenTomato\rottenTomato (356).jpg,rottentomato
8b82110df7c45cf261bfbbb2cfdfd8fe3118e914c725a1f307b7e48a11026b15,C:\Users\76462\Desktop\9444 proj\dataset\Fruits_Vegetables_Dataset(12000)\Vegetables\RottenTomato\rottenTomato (363).jpg,rottentomato
8b82110df7c45cf261bfbbb2cfdfd8fe3118e914c725a1f307b7e48a11026b15,C:\Users\76462\Desktop\9444 proj\dataset\Fruits_Vegetables_Dataset(12000)\Vegetables\RottenTomato\rottenTomato (364).jpg,rottentomato
ebe5b42b531bc8551caa6e215488959c4b66d0182fc6e2fd45d32146f609056f,C:\Users\76462\Desktop\9444 proj\dataset\Fruits_Vegetables_Dataset(12000)\Vegetables\RottenTomato\rottenTomato (371).jpg,rottentomato
ebe5b42b531bc8551caa6e215488959c4b66d0182fc6e2fd45d32146f609056f,C:\Users\76462\Desktop\9444 proj\dataset\Fruits_Vegetables_Dataset(12000)\Vegetables\RottenTomato\rottenTomato (372).jpg,rottentomato
61ecbd10f7ad212400555e8c117959c5772e355fd8e6d29613074e3ba3647307,C:\Users\76462\Desktop\9444 proj\dataset\Fruits_Vegetables_Dataset(12000)\Vegetables\RottenTomato\rottenTomato (383).jpg,rottentomato
61ecbd10f7ad212400555e8c117959c5772e355fd8e6d29613074e3ba3647307,C:\Users\76462\Desktop\9444 proj\dataset\Fruits_Vegetables_Dataset(12000)\Vegetables\RottenTomato\rottenTomato (582).jpg,rottentomato
b6951719cbb8de8ed85d0e7aff9f8363c54389dd4392b4f12692653fa0ded8a9,C:\Users\76462\Desktop\9444 proj\dataset\Fruits_Vegetables_Dataset(12000)\Vegetables\RottenTomato\rottenTomato (384).jpg,rottentomato
b6951719cbb8de8ed85d0e7aff9f8363c54389dd4392b4f12692653fa0ded8a9,C:\Users\76462\Desktop\9444 proj\dataset\Fruits_Vegetables_Dataset(12000)\Vegetables\RottenTomato\rottenTomato (385).jpg,rottentomato
b602a1bb98b63bcf5df15f22a26e0cc5590db39dcf57aea38512eed84e16e3fc,C:\Users\76462\Desktop\9444 proj\dataset\Fruits_Vegetables_Dataset(12000)\Vegetables\RottenTomato\rottenTomato (397).jpg,rottentomato
b602a1bb98b63bcf5df15f22a26e0cc5590db39dcf57aea38512eed84e16e3fc,C:\Users\76462\Desktop\9444 proj\dataset\Fruits_Vegetables_Dataset(12000)\Vegetables\RottenTomato\rottenTomato (398).jpg,rottentomato
d9c9f17c998787dc0a31ecc9a3e89d4d291e11b25e1c1821313031023bcba817,C:\Users\76462\Desktop\9444 proj\dataset\Fruits_Vegetables_Dataset(12000)\Vegetables\RottenTomato\rottenTomato (410).jpg,rottentomato
d9c9f17c998787dc0a31ecc9a3e89d4d291e11b25e1c1821313031023bcba817,C:\Users\76462\Desktop\9444 proj\dataset\Fruits_Vegetables_Dataset(12000)\Vegetables\RottenTomato\rottenTomato (411).jpg,rottentomato
4e6fc7fe58a385963b18497922cb713010326cc7630de9d545e701bd57729131,C:\Users\76462\Desktop\9444 proj\dataset\Fruits_Vegetables_Dataset(12000)\Vegetables\RottenTomato\rottenTomato (416).jpg,rottentomato
4e6fc7fe58a385963b18497922cb713010326cc7630de9d545e701bd57729131,C:\Users\76462\Desktop\9444 proj\dataset\Fruits_Vegetables_Dataset(12000)\Vegetables\RottenTomato\rottenTomato (417).jpg,rottentomato
8c917038fbd04605a00b1517283a044aa25cba9ce86c750393ff206d7297ac12,C:\Users\76462\Desktop\9444 proj\dataset\Fruits_Vegetables_Dataset(12000)\Vegetables\RottenTomato\rottenTomato (453).jpg,rottentomato
8c917038fbd04605a00b1517283a044aa25cba9ce86c750393ff206d7297ac12,C:\Users\76462\Desktop\9444 proj\dataset\Fruits_Vegetables_Dataset(12000)\Vegetables\RottenTomato\rottenTomato (454).jpg,rottentomato
ccd0f2d3bdbccba1405ec3de90a07d278ed8c126785084be890c08e72b6661cf,C:\Users\76462\Desktop\9444 proj\dataset\Fruits_Vegetables_Dataset(12000)\Vegetables\RottenTomato\rottenTomato (459).jpg,rottentomato
ccd0f2d3bdbccba1405ec3de90a07d278ed8c126785084be890c08e72b6661cf,C:\Users\76462\Desktop\9444 proj\dataset\Fruits_Vegetables_Dataset(12000)\Vegetables\RottenTomato\rottenTomato (460).jpg,rottentomato
cda1aea3aa6e90ac7c340a39b4ff2ae7efdff70bbd210f18de5ef22a180f976f,C:\Users\76462\Desktop\9444 proj\dataset\Fruits_Vegetables_Dataset(12000)\Vegetables\RottenTomato\rottenTomato (465).jpg,rottentomato
cda1aea3aa6e90ac7c340a39b4ff2ae7efdff70bbd210f18de5ef22a180f976f,C:\Users\76462\Desktop\9444 proj\dataset\Fruits_Vegetables_Dataset(12000)\Vegetables\RottenTomato\rottenTomato (466).jpg,rottentomato
0db937645b3457d967b418e6c78f8ba0b66db32b148ba682f0cc7789e9e4f003,C:\Users\76462\Desktop\9444 proj\dataset\Fruits_Vegetables_Dataset(12000)\Vegetables\RottenTomato\rottenTomato (502).jpg,rottentomato
0db937645b3457d967b418e6c78f8ba0b66db32b148ba682f0cc7789e9e4f003,C:\Users\76462\Desktop\9444 proj\dataset\Fruits_Vegetables_Dataset(12000)\Vegetables\RottenTomato\rottenTomato (503).jpg,rottentomato
b148d575f9fc7aa04032183f6ff551dae4dcc9dde28c72dd3920f0da68e083d9,C:\Users\76462\Desktop\9444 proj\dataset\Fruits_Vegetables_Dataset(12000)\Vegetables\RottenTomato\rottenTomato (508).jpg,rottentomato
b148d575f9fc7aa04032183f6ff551dae4dcc9dde28c72dd3920f0da68e083d9,C:\Users\76462\Desktop\9444 proj\dataset\Fruits_Vegetables_Dataset(12000)\Vegetables\RottenTomato\rottenTomato (509).jpg,rottentomato
0e21aa03d438e7d2812e100e4cb57bb157c215ef748ab4fb207dd3ac50a208ab,C:\Users\76462\Desktop\9444 proj\dataset\Fruits_Vegetables_Dataset(12000)\Vegetables\RottenTomato\rottenTomato (515).jpg,rottentomato
0e21aa03d438e7d2812e100e4cb57bb157c215ef748ab4fb207dd3ac50a208ab,C:\Users\76462\Desktop\9444 proj\dataset\Fruits_Vegetables_Dataset(12000)\Vegetables\RottenTomato\rottenTomato (516).jpg,rottentomato
a4903dac0f04fca07cd9368ae8611ba8bef6434caefb5ab62d3f942d1f8f659b,C:\Users\76462\Desktop\9444 proj\dataset\Fruits_Vegetables_Dataset(12000)\Vegetables\RottenTomato\rottenTomato (543).jpg,rottentomato
a4903dac0f04fca07cd9368ae8611ba8bef6434caefb5ab62d3f942d1f8f659b,C:\Users\76462\Desktop\9444 proj\dataset\Fruits_Vegetables_Dataset(12000)\Vegetables\RottenTomato\rottenTomato (544).jpg,rottentomato
2b886dfea8bd1f8808cc7df0a8f0f8bedad727f06d618849ae70ebfc41a33b38,C:\Users\76462\Desktop\9444 proj\dataset\Fruits_Vegetables_Dataset(12000)\Vegetables\RottenTomato\rottenTomato (573).jpg,rottentomato
2b886dfea8bd1f8808cc7df0a8f0f8bedad727f06d618849ae70ebfc41a33b38,C:\Users\76462\Desktop\9444 proj\dataset\Fruits_Vegetables_Dataset(12000)\Vegetables\RottenTomato\rottenTomato (574).jpg,rottentomato
